8.8.8.8,Online,02:05:00
8.8.8.8,Online,02:05:02
8.8.8.8,Online,02:05:04
8.8.8.8,Online,02:05:06
8.8.8.8,Online,02:05:08
8.8.8.8,Online,02:05:10
8.8.8.8,Online,02:05:12
8.8.8.8,Online,02:05:14
8.8.8.8,Online,02:05:16
8.8.8.8,Online,02:05:18
8.8.8.8,Online,02:05:21
8.8.8.8,Online,02:05:23
8.8.8.8,Online,02:05:25
8.8.8.8,Online,02:05:28
192.168.11,Offline,02:05:39
192.168.11,Offline,02:05:40
192.168.11,Offline,02:05:40
192.168.11,Offline,02:05:40
192.168.11,Offline,02:05:40
192.168.11,Offline,02:05:41
192.168.11,Offline,02:05:41
192.168.90.0,Offline,02:26:26
192.168.90.0,Offline,02:26:28
192.168.90.0,Offline,02:26:28
192.168.90.0,Offline,02:26:34
192.168.90.0,Offline,02:26:36
192.168.90.0,Offline,02:26:36
192.168.90.0,Offline,02:26:40
192.168.90.0,Offline,02:26:42
192.168.90.0,Offline,02:26:42
192.168.90.0,Offline,02:26:46
192.168.90.0,Offline,02:26:48
192.168.90.0,Offline,02:26:48
192.168.1.,Offline,02:26:50
192.168.1.90,Online,02:26:50
192.168.1.90,Online,02:26:52
192.168.90.0,Offline,02:26:52
192.168.1.90,Online,02:26:52
192.168.1.90,Online,02:26:52
192.168.1.90,Online,02:26:54
192.168.1.90,Online,02:26:54
192.168.1.90,Online,02:26:54
192.168.1.90,Online,02:26:54
192.168.1.90,Online,02:26:56
192.168.1.90,Online,02:26:56
192.168.1.90,Online,02:26:56
192.168.1.90,Online,02:26:56
192.168.1.90,Online,02:26:58
192.168.1.90,Online,02:26:58
192.168.1.90,Online,02:26:58
192.168.1.90,Online,02:26:58
192.168.1.90,Online,02:27:00
192.168.1.90,Online,02:27:00
192.168.1.90,Online,02:27:00
192.168.1.90,Online,02:27:00
192.168.1.90,Online,02:27:02
192.168.1.11,Offline,02:48:21
192.168.1.,Offline,02:48:25
192.168.1.90,Online,02:48:27
192.168.1.90,Online,02:48:30
192.168.1.90,Online,02:48:31
192.168.1.90,Online,02:48:34
192.168.1.90,Online,02:48:35
192.168.1.90,Online,02:48:38
192.168.1.90,Online,02:48:39
8.8.8.8,ONLINE,02:59:56
8.8.8.8,ONLINE,03:00:00
8.8.8.8,ONLINE,03:00:08
8.8,OFFLINE,03:00:16
192.168.,OFFLINE,03:00:43
192.168.,OFFLINE,03:00:44
192.168.,OFFLINE,03:00:45
192.168.,OFFLINE,03:00:46
192.168.,OFFLINE,03:00:47
192.168.,OFFLINE,03:00:48
192.168.,OFFLINE,03:00:49
192.168.,OFFLINE,03:00:49
192.168.,OFFLINE,03:00:50
192.168.,OFFLINE,03:00:50
192.168.,OFFLINE,03:00:51
192.168.,OFFLINE,03:00:51
192.168.,OFFLINE,03:00:51
192.168.,OFFLINE,03:00:51
192.168.,OFFLINE,03:00:52
192.168.,OFFLINE,03:00:52
192.168.,OFFLINE,03:00:52
192.168.,OFFLINE,03:00:52
192.168.,OFFLINE,03:00:53
192.168.,OFFLINE,03:00:53
192.168.,OFFLINE,03:00:53
192.168.,OFFLINE,03:00:53
192.168.,OFFLINE,03:00:53
192.168.,OFFLINE,03:00:53
192.168.,OFFLINE,03:00:54
192.168.,OFFLINE,03:00:54
192.168.,OFFLINE,03:00:55
192.168.,OFFLINE,03:00:55
192.168.,OFFLINE,03:00:55
192.168.,OFFLINE,03:00:55
192.168.,OFFLINE,03:00:56
192.168.,OFFLINE,03:00:56
8.8.8.8,Online,04:40:57
8.8.8.8,Online,04:40:59
8.8.8.8,Online,04:41:05
8.8.8.8,Online,04:41:08
8.8.8.8,Online,04:41:10
8.8.8.8,Online,04:41:13
8.8.8.8,Online,04:41:15
8.8.8.8,Online,04:41:18
8.8.8.8,Online,04:41:20
8.8.8.8,Online,04:41:23
8.8.8.8,Online,04:41:25
192.168.1.90,Online,04:43:10
192.168.1.90,Online,04:43:12
192.168.1.90,Online,04:43:14
192.168.1.90,Online,04:43:17
192.168.1.90,Online,04:43:19
192.168.1.90,Online,04:43:22
192.168.1.90,Online,04:43:24
192.168.1.90,Online,04:43:26
192.168.1.90,Online,04:43:29
192.168.1.90,Online,04:43:31
192.168.1.90,Online,04:43:34
192.168.1.90,Online,04:43:36
192.168.1.90,Online,04:43:38
192.168.1.90,Online,04:43:41
192.168.1.90,Online,04:43:43
192.168.1.90,Online,04:43:46
192.168.1.90,Online,04:43:48
192.168.1.90,Online,04:43:50
192.168.1.90,Online,04:43:53
192.168.1.90,Online,04:43:55
192.168.1.90,Online,04:43:58
192.168.1.90,Online,04:44:00
192.168.1.90,Online,04:44:02
192.168.1.90,Online,04:44:05
192.168.1.90,Online,04:44:07
192.168.1.90,Online,04:44:10
192.168.1.90,Online,04:44:12
192.168.1.90,Online,04:44:14
192.168.1.90,Online,04:44:17
192.168.1.90,Online,04:44:19
192.168.1.90,Online,04:44:22
192.168.1.90,Online,04:44:24
192.168.1.90,Online,04:44:26
192.168.1.90,Online,04:44:29
192.168.1.90,Online,04:44:31
8.8.8.8,Online,04:48:21
8.8.8.8,Online,04:48:23
8.8.8.8,Online,04:48:26
8.8.8.8,Online,04:48:28
8.8.8.8,Online,04:48:31
8.8.8.8,Online,04:48:33
8.8.8.8,Online,04:48:35
8.8.8.8,Online,04:48:38
8.8.8.8,Online,04:48:40
8.8.8.8,Online,04:48:43
8.8.8.8,Online,04:48:45
8.8.8.8,Online,04:48:48
8.8.8.8,Online,04:48:50
8.8.8.8,Online,04:48:52
8.8.8.8,Online,04:48:55
8.8.8.8,Online,04:48:57
8.8.8.8,Online,04:49:00
8.8.8.8,Online,04:49:02
8.8.8.8,Online,04:49:04
8.8.8.8,Online,04:49:07
8.8.8.8,Online,04:49:09
8.8.8.8,Online,04:49:12
8.8.8.8,Online,04:49:14
1.1.1.,Offline,04:51:54
1.1.1.1,Online,04:51:57
1.1.1.1,Online,04:51:59
1.1.1.1,Online,04:52:02
1.1.1.1,Online,04:52:04
1.1.1.1,Online,04:52:07
1.1.1.1,Online,04:52:09
1.1.1.1,Online,04:52:12
1.1.1.1,Online,04:52:14
1.1.1.1,Online,04:52:17
1.1.1.1,Online,04:52:19
1.1.1.1,Online,04:52:22
1.1.1.1,Online,04:52:24
1.1.1.1,Online,04:52:27
1.1.1.1,Online,04:52:29
1.1.1.1,Online,04:52:31
1.1.1.1,Online,04:52:34
1.1.1.1,Online,04:52:36
1.1.1.1,Online,04:52:39
1.1.1.1,Online,04:52:41
1.1.1.1,Online,04:52:43
1.1.1.1,Online,04:52:46
1.1.1.1,Online,04:52:48
1.1.1.1,Online,04:52:51
1.1.1.1,Online,04:52:53
1.1.1.1,Online,04:52:56
1.1.1.1,Online,04:52:58
1.1.1.1,Online,04:53:01
1.1.1.1,Online,04:53:03
1.1.1.1,Online,04:53:06
1.1.1.1,Online,04:53:08
1.1.1.1,Online,04:53:11
1.1.1.1,Online,04:53:13
1.1.1.1,Online,04:53:15
1.1.1.1,Online,04:53:18
1.1.1.1,Online,04:53:20
1.1.1.1,Online,04:53:23
8.8.8.8,Online,09:57:47
8.8.8.8,Online,09:57:51
8.8.8.8,Online,09:57:53
8.8.8.8,Online,09:57:56
8.8.8.8,Online,09:57:58
8.8.8.8,Online,09:58:01
192.168.1.90,Offline,09:58:14
192.168.1.90,Offline,09:58:17
192.168.1.20,Offline,09:58:21
192.168.1.20,Offline,09:58:24
8.8.8.8,Online,09:59:29
"192.168,1.",Offline,10:02:39
"192.168,1.",Offline,10:02:42
"192.168,1.",Offline,10:02:44
"192.168,1.",Offline,10:02:46
"192.168,1.",Offline,10:02:49
"192.168,1.",Offline,10:02:51
"192.168,1.",Offline,10:02:54
"192.168,1.",Offline,10:02:56
"192.168,1.",Offline,10:02:59
"192.168,1.",Offline,10:03:01
"192.168,1.",Offline,10:03:04
10.12.3.221,Online,10:03:06
10.12.3.221,Online,10:03:09
10.12.3.221,Online,10:03:11
10.12.3.221,Online,10:03:13
10.12.3.221,Online,10:03:16
10.12.3.221,Online,10:03:18
10.12.3.221,Online,10:03:21
10.12.3.221,Online,10:03:23
10.12.3.221,Online,10:03:26
10.12.3.221,Online,10:03:28
10.12.3.221,Online,10:03:31
10.12.3.221,Online,10:03:33
10.12.3.221,Online,10:03:36
10.12.3.221,Online,10:03:38
10.12.3.221,Online,10:03:41
10.12.3.221,Online,10:03:43
10.12.3.221,Online,10:03:46
8.8.8.8,Online,10:19:16
8.8.8.8,Online,10:19:18
8.8.8.8,Online,10:19:21
8.8.8.8,Online,10:19:23
8.8.8.8,Online,10:19:26
8.8.8.8,Online,10:19:28
8.8.8.8,Online,10:19:31
8.8.8.8,Online,10:19:33
8.8.8.8,Online,10:19:36
8.8.8.8,Online,10:19:38
8.8.8.8,Online,10:19:41
8.8.8.8,Online,10:19:44
8.8.8.8,Online,10:19:47
8.8.8.8,Online,10:19:49
8.8.8.8,Online,10:19:52
8.8.8.8,Online,10:19:55
8.8.8.8,Online,10:19:57
8.8.8.8,Online,10:20:00
8.8.8.8,Online,10:20:02
8.8.8.8,Online,10:20:05
8.8.8.8,Online,10:20:07
8.8.8.8,Online,10:20:10
8.8.8.8,Online,10:20:12
8.8.8.8,Online,10:20:15
8.8.8.8,Online,10:20:17
8.8.8.8,Online,10:20:20
8.8.8.8,Online,10:20:22
8.8.8.8,Online,10:20:25
8.8.8.8,Online,10:20:27
8.8.8.8,Online,10:20:30
8.8.8.8,Online,10:20:32
8.8.8.8,Online,10:20:35
8.8.8.8,Online,10:20:37
8.8.8.8,Online,10:20:40
8.8.8.8,Online,10:20:43
8.8.8.8,Online,10:20:46
8.8.8.8,Online,10:20:48
8.8.8.8,Online,10:20:51
8.8.8.8,Online,10:20:53
8.8.8.8,Online,10:20:56
8.8.8.8,Online,10:20:58
8.8.8.8,Online,10:21:01
8.8.8.8,Online,10:21:03
8.8.8.8,Online,10:21:06
8.8.8.8,Online,10:21:08
8.8.8.8,Online,10:21:11
8.8.8.8,Online,10:21:13
8.8.8.8,Online,10:21:16
8.8.8.8,Online,10:21:18
8.8.8.8,Online,10:21:21
8.8.8.8,Online,10:21:23
8.8.8.8,Online,10:21:26
8.8.8.8,Online,10:21:28
8.8.8.8,Online,10:21:31
8.8.8.8,Online,10:21:33
8.8.8.8,Online,10:21:36
8.8.8.8,Online,10:21:38
8.8.8.8,Online,10:21:41
8.8.8.8,Online,10:21:43
8.8.8.8,Online,10:21:45
8.8.8.8,Online,10:21:48
8.8.8.8,Online,10:21:50
8.8.8.8,Online,10:21:53
8.8.8.8,Online,10:21:55
8.8.8.8,Online,10:21:58
8.8.8.8,Online,10:22:00
8.8.8.8,Online,10:22:03
8.8.8.8,Online,10:22:05
8.8.8.8,Online,10:22:08
8.8.8.8,Online,10:22:11
8.8.8.8,Online,10:22:14
8.8.8.8,Online,10:22:16
8.8.8.8,Online,10:22:19
8.8.8.8,Online,10:22:21
8.8.8.8,Online,10:22:24
8.8.8.8,Online,10:22:26
8.8.8.8,Online,10:22:29
8.8.8.8,Online,10:22:31
8.8.8.8,Online,10:22:34
8.8.8.8,Online,10:22:36
8.8.8.8,Online,10:22:39
8.8.8.8,Online,10:22:41
8.8.8.8,Online,10:22:44
8.8.8.8,Online,10:22:47
8.8.8.8,Online,10:22:49
8.8.8.8,Online,10:22:51
8.8.8.8,Online,10:22:54
8.8.8.8,Online,10:22:56
8.8.8.8,Online,10:22:59
8.8.8.8,Online,10:23:01
8.8.8.8,Online,10:23:04
8.8.8.8,Online,10:23:06
8.8.8.8,Online,10:23:09
8.8.8.8,Online,10:23:11
8.8.8.8,Online,10:23:14
8.8.8.8,Online,10:23:16
8.8.8.8,Online,10:23:19
8.8.8.8,Online,10:23:21
8.8.8.8,Online,10:23:24
8.8.8.8,Online,10:23:26
8.8.8.8,Online,10:23:29
8.8.8.8,Online,10:23:32
8.8.8.8,Online,10:23:34
8.8.8.8,Online,10:23:37
8.8.8.8,Online,10:23:39
8.8.8.8,Online,10:23:42
8.8.8.8,Online,10:23:44
8.8.8.8,Online,10:23:47
8.8.8.8,Online,10:23:49
8.8.8.8,Online,10:23:52
8.8.8.8,Online,10:23:54
8.8.8.8,Online,10:23:57
8.8.8.8,Online,10:23:59
8.8.8.8,Online,10:24:02
8.8.8.8,Online,10:24:04
8.8.8.8,Online,10:24:07
8.8.8.8,Online,10:24:09
8.8.8.8,Online,10:24:12
8.8.8.8,Online,10:24:14
8.8.8.8,Online,10:24:17
8.8.8.8,Online,10:24:20
8.8.8.8,Online,10:24:22
8.8.8.8,Online,10:24:25
8.8.8.8,Online,10:24:27
8.8.8.8,Online,10:24:30
8.8.8.8,Online,10:24:32
8.8.8.8,Online,10:24:35
8.8.8.8,Online,10:24:37
8.8.8.8,Online,10:24:40
8.8.8.8,Online,10:26:28
8.8.8.8,Online,10:26:30
8.8.8.8,Online,10:26:33
8.8.8.8,Online,10:26:35
8.8.8.8,Online,10:26:38
8.8.8.8,Online,10:26:40
8.8.8.8,Online,10:26:43
8.8.8.8,Online,10:26:45
8.8.8.8,Online,10:26:48
8.8.8.8,Online,10:26:50
8.8.8.8,Online,10:26:53
8.8.8.8,Online,10:26:55
8.8.8.8,Online,10:26:58
8.8.8.8,Online,10:27:00
8.8.8.8,Online,10:27:03
8.8.8.8,Online,10:27:05
8.8.8.8,Online,10:27:08
8.8.8.8,Online,10:27:10
8.8.8.8,Online,10:27:13
8.8.8.8,Online,10:27:15
8.8.8.8,Online,10:27:18
8.8.8.8,Online,10:27:20
8.8.8.8,Online,10:27:23
8.8.8.8,Online,10:27:25
8.8.8.8,Online,10:27:28
8.8.8.8,Online,10:27:30
8.8.8.8,Online,10:27:33
8.8.8.8,Online,10:27:35
8.8.8.8,Online,10:27:38
8.8.8.8,Online,10:27:40
8.8.8.8,Online,10:27:43
8.8.8.8,Online,10:27:45
8.8.8.8,Online,10:27:48
8.8.8.8,Online,10:27:50
8.8.8.8,Online,10:27:53
8.8.8.8,Online,10:27:55
8.8.8.8,Online,10:27:58
8.8.8.8,Online,10:28:00
8.8.8.8,Online,10:28:03
8.8.8.8,Online,10:28:05
8.8.8.8,Online,10:28:08
8.8.8.8,Online,10:28:10
8.8.8.8,Online,10:28:13
8.8.8.8,Online,10:28:15
8.8.8.8,Online,10:28:18
8.8.8.8,Online,10:28:20
8.8.8.8,Online,10:28:23
8.8.8.8,Online,10:28:25
8.8.8.8,Online,10:28:27
8.8.8.8,Online,10:28:30
8.8.8.8,Online,10:28:33
8.8.8.8,Online,10:28:35
8.8.8.8,Online,10:28:38
8.8.8.8,Online,10:28:40
8.8.8.8,Online,10:28:43
8.8.8.8,Online,10:28:45
8.8.8.8,Online,10:28:48
8.8.8.8,Online,10:28:50
8.8.8.8,Online,10:28:53
8.8.8.8,Online,10:28:55
8.8.8.8,Online,10:28:58
8.8.8.8,Online,10:29:00
8.8.8.8,Online,10:29:03
8.8.8.8,Online,10:29:05
8.8.8.8,Online,10:29:08
8.8.8.8,Online,10:29:10
8.8.8.8,Online,10:29:13
8.8.8.8,Online,10:29:15
8.8.8.8,Online,10:29:18
8.8.8.8,Online,10:29:20
8.8.8.8,Online,10:29:23
8.8.8.8,Online,10:29:25
8.8.8.8,Online,10:29:28
8.8.8.8,Online,10:29:30
8.8.8.8,Online,10:29:33
8.8.8.8,Online,10:29:35
8.8.8.8,Online,10:29:38
8.8.8.8,Online,10:29:40
8.8.8.8,Online,10:29:43
8.8.8.8,Online,10:29:45
8.8.8.8,Online,10:29:48
8.8.8.8,Online,10:29:50
8.8.8.8,Online,10:29:53
8.8.8.8,Online,10:29:55
8.8.8.8,Online,10:29:58
8.8.8.8,Online,10:30:00
8.8.8.8,Online,10:30:03
8.8.8.8,Online,10:30:05
8.8.8.8,Online,10:30:08
8.8.8.8,Online,10:30:10
8.8.8.8,Online,10:30:13
8.8.8.8,Online,10:30:15
8.8.8.8,Online,10:30:18
8.8.8.8,Online,10:30:20
8.8.8.8,Online,10:30:23
8.8.8.8,Online,10:30:25
8.8.8.8,Online,10:30:28
8.8.8.8,Online,10:30:30
8.8.8.8,Online,10:30:33
8.8.8.8,Online,10:30:35
8.8.8.8,Online,10:30:38
8.8.8.8,Online,10:30:40
8.8.8.8,Online,10:30:43
8.8.8.8,Online,10:30:45
8.8.8.8,Online,10:30:48
8.8.8.8,Online,10:30:50
8.8.8.8,Online,10:30:53
8.8.8.8,Online,10:30:55
8.8.8.8,Online,10:30:58
8.8.8.8,Online,10:31:00
8.8.8.8,Online,10:31:02
8.8.8.8,Online,10:31:05
8.8.8.8,Online,10:31:08
8.8.8.8,Online,10:31:10
8.8.8.8,Online,10:31:13
8.8.8.8,Online,10:31:15
8.8.8.8,Online,10:31:18
8.8.8.8,Online,10:31:20
8.8.8.8,Online,10:31:23
8.8.8.8,Online,10:31:25
8.8.8.8,Online,10:31:28
8.8.8.8,Online,10:31:30
8.8.8.8,Online,10:31:33
8.8.8.8,Online,10:31:35
8.8.8.8,Online,10:31:38
8.8.8.8,Online,10:31:40
8.8.8.8,Online,10:31:43
8.8.8.8,Online,10:31:45
8.8.8.8,Online,10:31:48
8.8.8.8,Online,10:31:50
8.8.8.8,Online,10:31:53
8.8.8.8,Online,10:31:55
8.8.8.8,Online,10:31:58
8.8.8.8,Online,10:32:00
8.8.8.8,Online,10:32:03
8.8.8.8,Online,10:32:05
8.8.8.8,Online,10:32:08
8.8.8.8,Online,10:32:10
8.8.8.8,Online,10:32:13
8.8.8.8,Online,10:32:16
8.8.8.8,Online,10:32:18
8.8.8.8,Online,10:32:21
8.8.8.8,Online,10:32:23
8.8.8.8,Online,10:32:26
8.8.8.8,Online,10:32:28
8.8.8.8,Online,10:32:31
8.8.8.8,Online,10:32:33
8.8.8.8,Online,10:32:36
8.8.8.8,Online,10:32:38
8.8.8.8,Online,10:32:41
8.8.8.8,Online,10:32:43
8.8.8.8,Online,10:32:46
8.8.8.8,Online,10:32:48
8.8.8.8,Online,10:32:51
8.8.8.8,Online,10:32:53
8.8.8.8,Online,10:32:56
8.8.8.8,Online,10:32:58
8.8.8.8,Online,10:33:01
8.8.8.8,Online,10:33:03
8.8.8.8,Online,10:33:06
8.8.8.8,Online,10:33:08
8.8.8.8,Online,10:33:11
8.8.8.8,Online,10:33:13
8.8.8.8,Online,10:33:16
8.8.8.8,Online,10:33:18
8.8.8.8,Online,10:33:21
8.8.8.8,Online,10:33:24
8.8.8.8,Online,10:33:26
8.8.8.8,Online,10:33:29
8.8.8.8,Online,10:33:31
8.8.8.8,Online,10:33:34
8.8.8.8,Online,10:33:36
8.8.8.8,Online,10:33:39
8.8.8.8,Online,10:33:41
8.8.8.8,Online,10:33:44
8.8.8.8,Online,10:33:46
8.8.8.8,Online,10:33:49
8.8.8.8,Online,10:33:52
8.8.8.8,Online,10:33:54
8.8.8.8,Online,10:33:57
8.8.8.8,Online,10:33:59
8.8.8.8,Online,10:34:02
8.8.8.8,Online,10:34:04
8.8.8.8,Online,10:34:07
8.8.8.8,Online,10:34:09
8.8.8.8,Online,10:34:12
8.8.8.8,Online,10:34:14
8.8.8.8,Online,10:34:17
8.8.8.8,Online,10:34:19
8.8.8.8,Online,10:34:22
8.8.8.8,Online,10:34:24
8.8.8.8,Online,10:34:27
8.8.8.8,Online,10:34:29
8.8.8.8,Online,10:34:32
8.8.8.8,Online,10:34:34
8.8.8.8,Online,10:34:37
8.8.8.8,Online,10:34:39
8.8.8.8,Online,10:34:42
8.8.8.8,Online,10:34:44
8.8.8.8,Online,10:34:47
8.8.8.8,Online,10:34:49
8.8.8.8,Online,10:34:52
8.8.8.8,Online,10:34:54
8.8.8.8,Online,10:34:57
8.8.8.8,Online,10:34:59
8.8.8.8,Online,10:35:02
8.8.8.8,Online,10:35:04
8.8.8.8,Online,10:35:07
8.8.8.8,Online,10:35:09
8.8.8.8,Online,10:35:12
8.8.8.8,Online,10:35:14
8.8.8.8,Online,10:35:17
8.8.8.8,Online,10:35:19
8.8.8.8,Online,10:35:22
8.8.8.8,Online,10:35:24
8.8.8.8,Online,10:35:27
8.8.8.8,Online,10:35:30
8.8.8.8,Online,10:35:32
8.8.8.8,Online,10:35:35
8.8.8.8,Online,10:35:37
8.8.8.8,Online,10:35:40
8.8.8.8,Online,10:35:42
8.8.8.8,Online,10:35:45
8.8.8.8,Online,10:35:47
8.8.8.8,Online,10:35:50
8.8.8.8,Online,10:35:53
8.8.8.8,Online,10:35:55
8.8.8.8,Online,10:35:58
8.8.8.8,Online,10:36:00
8.8.8.8,Online,10:36:03
8.8.8.8,Online,10:36:05
8.8.8.8,Online,10:36:08
8.8.8.8,Online,10:36:10
8.8.8.8,Online,10:36:13
8.8.8.8,Online,10:36:15
8.8.8.8,Online,10:36:18
8.8.8.8,Online,10:36:20
8.8.8.8,Online,10:36:23
8.8.8.8,Online,10:36:25
8.8.8.8,Online,10:36:28
8.8.8.8,Online,10:36:30
8.8.8.8,Online,10:36:33
8.8.8.8,Online,10:36:35
8.8.8.8,Online,10:36:38
8.8.8.8,Online,10:36:40
8.8.8.8,Online,10:36:43
8.8.8.8,Online,10:36:45
8.8.8.8,Online,10:36:48
8.8.8.8,Online,10:36:50
8.8.8.8,Online,10:36:53
8.8.8.8,Online,10:36:55
8.8.8.8,Online,10:36:58
8.8.8.8,Online,10:37:00
8.8.8.8,Online,10:37:03
8.8.8.8,Online,10:37:05
8.8.8.8,Online,10:37:08
8.8.8.8,Online,10:37:10
8.8.8.8,Online,10:37:13
8.8.8.8,Online,10:37:16
8.8.8.8,Online,10:37:18
8.8.8.8,Online,10:37:21
8.8.8.8,Online,10:37:23
8.8.8.8,Online,10:37:26
8.8.8.8,Online,10:37:28
8.8.8.8,Online,10:37:31
8.8.8.8,Online,10:37:33
8.8.8.8,Online,10:37:36
8.8.8.8,Online,10:37:38
8.8.8.8,Online,10:37:41
8.8.8.8,Online,10:37:43
8.8.8.8,Online,10:37:46
8.8.8.8,Online,10:37:48
8.8.8.8,Online,10:37:51
8.8.8.8,Online,10:37:53
8.8.8.8,Online,10:37:56
8.8.8.8,Online,10:37:59
8.8.8.8,Online,10:38:01
8.8.8.8,Online,10:38:04
8.8.8.8,Online,10:38:06
8.8.8.8,Online,10:38:09
8.8.8.8,Online,10:38:11
8.8.8.8,Online,10:38:14
8.8.8.8,Online,10:38:16
8.8.8.8,Online,10:38:19
8.8.8.8,Online,10:38:21
8.8.8.8,Online,10:38:24
8.8.8.8,Online,10:38:26
8.8.8.8,Online,10:38:29
8.8.8.8,Online,10:38:31
8.8.8.8,Online,10:38:34
8.8.8.8,Online,10:38:36
8.8.8.8,Online,10:38:39
8.8.8.8,Online,10:38:42
8.8.8.8,Online,10:38:44
8.8.8.8,Online,10:38:47
8.8.8.8,Online,10:38:49
8.8.8.8,Online,10:38:52
8.8.8.8,Online,10:38:54
8.8.8.8,Online,10:38:57
8.8.8.8,Online,10:38:59
8.8.8.8,Online,10:39:02
8.8.8.8,Online,10:39:04
8.8.8.8,Online,10:39:07
8.8.8.8,Online,10:39:09
8.8.8.8,Online,10:39:12
8.8.8.8,Online,10:39:14
8.8.8.8,Online,10:39:17
8.8.8.8,Online,10:39:20
8.8.8.8,Online,10:39:22
8.8.8.8,Online,10:39:25
8.8.8.8,Online,10:39:27
8.8.8.8,Online,10:39:30
8.8.8.8,Online,10:39:32
8.8.8.8,Online,10:39:35
8.8.8.8,Online,10:39:37
8.8.8.8,Online,10:39:40
8.8.8.8,Online,10:39:42
8.8.8.8,Online,10:39:45
8.8.8.8,Online,10:39:47
8.8.8.8,Online,10:39:50
8.8.8.8,Online,10:39:52
8.8.8.8,Online,10:39:55
8.8.8.8,Online,10:39:57
8.8.8.8,Online,10:40:00
8.8.8.8,Online,10:40:03
8.8.8.8,Online,10:40:05
8.8.8.8,Online,10:40:08
8.8.8.8,Online,10:40:10
8.8.8.8,Online,10:40:13
8.8.8.8,Online,10:40:15
8.8.8.8,Online,10:40:18
8.8.8.8,Online,10:40:20
8.8.8.8,Online,10:40:23
8.8.8.8,Online,10:40:25
8.8.8.8,Online,10:40:28
8.8.8.8,Online,10:40:31
8.8.8.8,Online,10:40:33
8.8.8.8,Online,10:40:37
8.8.8.8,Online,10:40:40
8.8.8.8,Online,10:40:43
8.8.8.8,Online,10:59:03
8.8.8.8,Online,10:59:06
8.8.8.8,Online,10:59:09
8.8.8.8,Online,10:59:13
8.8.8.8,Online,10:59:16
8.8.8.8,Offline,10:59:20
8.8.8.8,Online,10:59:23
8.8.8.8,Online,10:59:26
8.8.8.8,Online,10:59:29
8.8.8.8,Online,10:59:32
8.8.8.8,Online,10:59:35
8.8.8.8,Online,10:59:38
8.8.8.8,Online,10:59:41
8.8.8.8,Online,10:59:44
8.8.8.8,Online,10:59:47
8.8.8.8,Online,10:59:50
8.8.8.8,Online,10:59:53
8.8.8.8,Online,10:59:56
8.8.8.8,Online,10:59:59
8.8.8.8,Online,11:00:02
8.8.8.8,Online,11:00:05
8.8.8.8,Online,11:00:08
8.8.8.8,Online,11:00:11
8.8.8.8,Online,11:00:14
8.8.8.8,Online,11:00:17
8.8.8.8,Online,11:00:20
8.8.8.8,Online,11:00:23
8.8.8.8,Online,11:00:26
8.8.8.8,Online,11:00:28
8.8.8.8,Online,11:00:31
8.8.8.8,Online,11:00:34
8.8.8.8,Online,11:00:37
8.8.8.8,Online,11:00:40
8.8.8.8,Online,11:00:43
8.8.8.8,Online,11:00:46
8.8.8.8,Online,11:00:49
8.8.8.8,Online,11:00:52
8.8.8.8,Online,11:00:55
8.8.8.8,Online,11:00:58
8.8.8.8,Online,11:01:01
8.8.8.8,Online,11:01:04
8.8.8.8,Online,11:01:07
8.8.8.8,Online,11:01:10
8.8.8.8,Online,11:01:13
8.8.8.8,Online,11:01:16
8.8.8.8,Online,11:01:19
8.8.8.8,Online,11:01:22
8.8.8.8,Online,11:01:25
8.8.8.8,Online,11:01:28
8.8.8.8,Online,11:01:31
8.8.8.8,Online,11:01:34
8.8.8.8,Online,11:01:37
8.8.8.8,Online,11:01:40
8.8.8.8,Online,11:01:43
8.8.8.8,Online,11:01:46
8.8.8.8,Online,11:01:49
8.8.8.8,Online,11:01:52
8.8.8.8,Online,11:01:55
8.8.8.8,Online,11:01:58
8.8.8.8,Online,11:02:01
8.8.8.8,Online,11:02:05
8.8.8.8,Online,11:02:08
8.8.8.8,Online,11:02:11
8.8.8.8,Online,11:02:14
8.8.8.8,Online,11:02:17
8.8.8.8,Online,11:02:20
8.8.8.8,Online,11:02:23
8.8.8.8,Online,11:02:26
8.8.8.8,Online,11:02:29
8.8.8.8,Online,11:02:32
8.8.8.8,Online,11:02:35
8.8.8.8,Online,11:02:38
8.8.8.8,Online,11:02:41
8.8.8.8,Online,11:02:44
8.8.8.8,Online,11:02:47
8.8.8.8,Online,11:02:49
8.8.8.8,Online,11:02:52
8.8.8.8,Online,11:02:55
8.8.8.8,Online,11:02:58
8.8.8.8,Online,11:03:01
8.8.8.8,Online,11:03:04
8.8.8.8,Online,11:03:07
8.8.8.8,Online,11:03:10
8.8.8.8,Online,11:03:13
8.8.8.8,Online,11:03:16
8.8.8.8,Online,11:03:19
8.8.8.8,Online,11:03:22
8.8.8.8,Online,11:03:25
8.8.8.8,Online,11:03:28
8.8.8.8,Online,11:03:31
8.8.8.8,Online,11:03:34
8.8.8.8,Online,11:03:37
8.8.8.8,Online,11:03:40
8.8.8.8,Online,11:03:43
8.8.8.8,Online,11:03:46
8.8.8.8,Online,11:03:49
8.8.8.8,Online,11:03:52
8.8.8.8,Online,11:03:55
8.8.8.8,Online,11:03:58
8.8.8.8,Online,11:04:01
8.8.8.8,Online,11:04:04
8.8.8.8,Online,11:04:07
8.8.8.8,Online,11:04:10
8.8.8.8,Online,11:04:13
8.8.8.8,Online,11:04:16
8.8.8.8,Online,11:04:19
8.8.8.8,Online,11:04:22
8.8.8.8,Online,11:04:25
8.8.8.8,Online,11:04:28
8.8.8.8,Online,11:04:31
8.8.8.8,Online,11:04:34
8.8.8.8,Online,11:04:37
8.8.8.8,Online,11:15:23
8.8.8.8,Online,11:15:26
8.8.8.8,Online,11:15:29
8.8.8.8,Online,11:15:32
192.168.1.90,Offline,11:16:51
192.168.1.90,Offline,11:16:55
192.168.1.90,Offline,11:16:59
192.168.1.90,Offline,11:17:03
192.168.1.90,Offline,11:17:07
8.8.8.8,Online,11:18:06
8.8.8.8,Online,11:18:09
8.8.8.8,Online,11:18:12
8.8.8.8,Online,11:18:15
8.8.8.8,Online,11:18:18
8.8.8.8,Online,11:18:21
8.8.8.8,Online,11:18:24
8.8.8.8,Online,11:18:27
8.8.8.8,Online,11:18:30
8.8.8.8,Online,11:18:33
8.8.8.8,Online,11:18:36
8.8.8.8,Online,11:18:39
8.8.8.8,Online,11:18:42
8.8.8.8,Online,11:18:45
8.8.8.8,Online,11:18:48
8.8.8.8,Online,11:18:51
8.8.8.8,Online,11:18:54
8.8.8.8,Online,11:18:57
8.8.8.8,Online,11:19:00
8.8.8.8,Online,11:19:03
8.8.8.8,Online,11:19:06
8.8.8.8,Online,11:19:09
8.8.8.8,Online,11:19:12
8.8.8.8,Online,11:19:15
8.8.8.8,Online,11:19:18
8.8.8.8,Online,11:19:21
8.8.8.8,Online,11:19:24
8.8.8.8,Online,11:19:27
8.8.8.8,Online,11:19:30
8.8.8.8,Online,11:19:33
8.8.8.8,Online,11:19:36
8.8.8.8,Online,11:19:39
8.8.8.8,Online,11:19:42
8.8.8.8,Online,11:19:45
8.8.8.8,Online,11:19:48
8.8.8.8,Online,11:19:51
8.8.8.8,Online,11:19:54
8.8.8.8,Online,11:19:57
8.8.8.8,Online,11:20:00
8.8.8.8,Online,11:20:03
8.8.8.8,Online,11:20:06
8.8.8.8,Online,11:20:09
8.8.8.8,Online,11:20:12
8.8.8.8,Online,11:20:15
8.8.8.8,Online,11:20:18
8.8.8.8,Online,11:20:21
8.8.8.8,Online,11:20:24
8.8.8.8,Online,11:20:27
8.8.8.8,Online,11:20:30
8.8.8.8,Online,11:20:33
8.8.8.8,Online,11:20:36
8.8.8.8,Online,11:20:39
8.8.8.8,Online,11:20:42
8.8.8.8,Online,11:20:45
8.8.8.8,Online,11:20:48
8.8.8.8,Online,11:20:51
8.8.8.8,Online,11:20:54
8.8.8.8,Online,11:20:57
8.8.8.8,Online,11:21:00
8.8.8.8,Online,11:21:03
8.8.8.8,Online,11:21:06
8.8.8.8,Online,11:21:09
8.8.8.8,Online,11:21:12
8.8.8.8,Online,11:21:15
8.8.8.8,Online,11:21:18
8.8.8.8,Online,11:21:21
8.8.8.8,Online,11:21:24
8.8.8.8,Online,11:21:27
8.8.8.8,Online,11:21:30
8.8.8.8,Online,11:21:33
8.8.8.8,Online,11:21:36
8.8.8.8,Online,11:21:39
8.8.8.8,Online,11:21:42
8.8.8.8,Online,11:21:45
8.8.8.8,Online,11:21:48
8.8.8.8,Online,11:21:51
8.8.8.8,Online,11:21:54
8.8.8.8,Online,11:21:57
8.8.8.8,Online,11:22:00
8.8.8.8,Online,11:22:03
8.8.8.8,Online,11:22:06
8.8.8.8,Online,11:22:09
8.8.8.8,Online,11:22:12
8.8.8.8,Online,11:22:15
8.8.8.8,Online,11:22:18
8.8.8.8,Online,11:22:21
8.8.8.8,Online,11:22:24
8.8.8.8,Online,11:22:27
8.8.8.8,Online,11:22:30
8.8.8.8,Online,11:22:33
8.8.8.8,Online,11:22:36
8.8.8.8,Online,11:22:39
8.8.8.8,Online,11:22:42
8.8.8.8,Online,11:22:45
8.8.8.8,Online,11:22:48
8.8.8.8,Online,11:22:51
8.8.8.8,Online,11:22:54
8.8.8.8,Online,11:22:57
8.8.8.8,Online,11:23:00
8.8.8.8,Online,11:23:03
8.8.8.8,Online,11:23:06
8.8.8.8,Online,11:23:09
8.8.8.8,Online,11:23:12
8.8.8.8,Online,11:23:15
8.8.8.8,Online,11:23:18
8.8.8.8,Online,11:23:21
8.8.8.8,Online,11:23:24
8.8.8.8,Online,11:23:27
8.8.8.8,Online,11:23:30
8.8.8.8,Online,11:23:33
8.8.8.8,Online,11:23:36
8.8.8.8,Online,11:23:39
8.8.8.8,Online,11:23:42
8.8.8.8,Online,11:23:45
8.8.8.8,Online,11:23:47
8.8.8.8,Online,11:23:50
8.8.8.8,Online,11:23:53
8.8.8.8,Online,11:23:56
8.8.8.8,Online,11:23:59
8.8.8.8,Online,11:24:02
8.8.8.8,Online,11:24:05
8.8.8.8,Online,11:24:08
8.8.8.8,Online,11:24:11
8.8.8.8,Online,11:24:14
8.8.8.8,Online,11:24:17
8.8.8.8,Online,11:24:20
8.8.8.8,Online,11:24:23
8.8.8.8,Online,11:24:26
8.8.8.8,Online,11:24:29
8.8.8.8,Online,11:24:33
8.8.8.8,Online,11:24:36
8.8.8.8,Online,11:24:38
8.8.8.8,Online,11:24:41
8.8.8.8,Online,11:24:44
8.8.8.8,Online,11:24:47
8.8.8.8,Online,11:24:50
8.8.8.8,Online,11:24:53
8.8.8.8,Online,11:24:56
8.8.8.8,Online,11:24:59
8.8.8.8,Online,11:25:02
8.8.8.8,Online,11:25:05
8.8.8.8,Online,11:25:08
8.8.8.8,Online,11:25:11
8.8.8.8,Online,11:25:14
8.8.8.8,Online,11:25:17
8.8.8.8,Online,11:25:20
8.8.8.8,Online,11:25:23
8.8.8.8,Online,11:25:26
8.8.8.8,Online,11:25:30
8.8.8.8,Online,11:25:33
8.8.8.8,Online,11:25:36
8.8.8.8,Online,11:25:39
8.8.8.8,Online,11:25:42
8.8.8.8,Online,11:25:45
8.8.8.8,Online,11:29:32
8.8.8.8,Online,11:29:35
8.8.8.8,Online,11:29:38
8.8.8.8,Online,11:29:41
8.8.8.8,Online,11:29:44
8.8.8.8,Online,11:29:47
8.8.8.8,Online,11:29:50
8.8.8.8,Online,11:29:53
8.8.8.8,Online,11:29:56
8.8.8.8,Online,11:29:59
8.8.8.8,Online,11:30:02
8.8.8.8,Online,11:30:05
8.8.8.8,Online,11:30:08
8.8.8.8,Online,11:30:11
8.8.8.8,Online,11:30:14
8.8.8.8,Online,11:30:17
8.8.8.8,Online,11:30:20
8.8.8.8,Online,11:30:23
8.8.8.8,Online,11:30:26
8.8.8.8,Online,11:30:29
8.8.8.8,Online,11:30:32
8.8.8.8,Online,11:30:35
8.8.8.8,Online,11:30:38
8.8.8.8,Online,11:30:41
8.8.8.8,Online,11:30:44
8.8.8.8,Online,11:30:47
8.8.8.8,Online,11:30:50
8.8.8.8,Online,11:30:53
8.8.8.8,Online,11:30:56
8.8.8.8,Online,11:30:59
8.8.8.8,Online,11:31:02
8.8.8.8,Online,11:31:05
8.8.8.8,Online,11:31:08
8.8.8.8,Online,11:31:11
8.8.8.8,Online,11:31:14
8.8.8.8,Online,11:31:17
8.8.8.8,Online,11:31:20
8.8.8.8,Online,11:31:23
8.8.8.8,Online,11:31:26
8.8.8.8,Online,11:31:29
8.8.8.8,Online,11:31:32
8.8.8.8,Online,11:31:35
8.8.8.8,Online,11:31:38
8.8.8.8,Online,11:31:41
8.8.8.8,Online,11:31:44
8.8.8.8,Online,11:31:47
8.8.8.8,Online,11:31:50
8.8.8.8,Online,11:31:53
8.8.8.8,Online,11:31:56
8.8.8.8,Online,11:31:59
8.8.8.8,Online,11:32:02
8.8.8.8,Online,11:32:05
8.8.8.8,Online,11:32:08
8.8.8.8,Online,11:32:11
8.8.8.8,Online,11:32:14
8.8.8.8,Online,11:32:17
8.8.8.8,Online,11:32:20
8.8.8.8,Online,11:32:23
8.8.8.8,Online,11:32:26
8.8.8.8,Online,11:32:29
8.8.8.8,Online,11:32:32
8.8.8.8,Online,11:32:35
8.8.8.8,Online,11:32:38
8.8.8.8,Online,11:32:41
8.8.8.8,Online,11:32:44
8.8.8.8,Online,11:32:47
8.8.8.8,Online,11:32:50
8.8.8.8,Online,11:32:53
8.8.8.8,Online,11:32:55
8.8.8.8,Online,11:32:58
8.8.8.8,Online,11:33:02
8.8.8.8,Online,11:33:04
8.8.8.8,Online,11:33:07
8.8.8.8,Online,11:33:10
8.8.8.8,Online,11:33:13
8.8.8.8,Online,11:33:16
8.8.8.8,Online,11:33:19
8.8.8.8,Online,11:33:22
8.8.8.8,Online,11:33:25
8.8.8.8,Online,11:33:28
8.8.8.8,Online,11:33:31
8.8.8.8,Online,11:33:34
8.8.8.8,Online,11:33:37
8.8.8.8,Online,11:33:40
8.8.8.8,Online,11:33:43
8.8.8.8,Online,11:33:46
8.8.8.8,Online,11:33:49
8.8.8.8,Online,11:33:52
8.8.8.8,Online,11:33:55
8.8.8.8,Online,11:33:58
8.8.8.8,Online,11:34:01
8.8.8.8,Online,11:34:04
8.8.8.8,Online,11:34:07
8.8.8.8,Online,11:34:10
8.8.8.8,Online,11:34:13
8.8.8.8,Online,11:34:16
8.8.8.8,Online,11:34:19
8.8.8.8,Online,11:34:21
8.8.8.8,Online,11:34:23
8.8.8.8,Online,11:34:26
8.8.8.8,Online,11:34:28
8.8.8.8,Online,11:34:31
8.8.8.8,Online,11:34:33
8.8.8.8,Online,11:34:36
8.8.8.8,Online,11:34:38
8.8.8.8,Online,11:34:41
8.8.8.8,Online,11:34:43
8.8.8.8,Online,11:34:46
8.8.8.8,Online,11:34:48
8.8.8.8,Online,11:34:51
8.8.8.8,Online,11:34:53
8.8.8.8,Online,11:34:56
8.8.8.8,Online,11:34:58
8.8.8.8,Online,11:35:01
8.8.8.8,Online,11:35:03
8.8.8.8,Online,11:35:06
8.8.8.8,Online,11:35:08
8.8.8.8,Online,11:35:11
8.8.8.8,Online,11:35:13
8.8.8.8,Online,11:35:16
8.8.8.8,Online,11:35:18
8.8.8.8,Online,11:35:21
8.8.8.8,Online,11:35:23
8.8.8.8,Online,11:35:26
8.8.8.8,Online,11:35:28
8.8.8.8,Online,11:35:31
8.8.8.8,Online,11:35:33
8.8.8.8,Online,11:35:36
8.8.8.8,Online,11:35:38
8.8.8.8,Online,11:35:41
8.8.8.8,Online,11:35:43
8.8.8.8,Online,11:35:46
8.8.8.8,Online,11:35:48
8.8.8.8,Online,11:35:51
8.8.8.8,Online,11:35:53
8.8.8.8,Online,11:35:56
8.8.8.8,Online,11:35:58
8.8.8.8,Online,11:36:01
8.8.8.8,Online,11:36:03
8.8.8.8,Online,11:36:06
8.8.8.8,Online,11:36:08
8.8.8.8,Online,11:36:11
8.8.8.8,Online,11:36:13
8.8.8.8,Online,11:36:16
8.8.8.8,Online,11:36:18
8.8.8.8,Online,11:36:21
8.8.8.8,Online,11:36:23
8.8.8.8,Online,11:36:26
8.8.8.8,Online,11:36:28
8.8.8.8,Online,11:36:30
8.8.8.8,Online,11:36:33
8.8.8.8,Online,11:36:35
8.8.8.8,Online,11:36:38
8.8.8.8,Online,11:36:40
8.8.8.8,Online,11:36:43
8.8.8.8,Online,11:36:45
8.8.8.8,Online,11:36:48
8.8.8.8,Online,11:36:50
8.8.8.8,Online,11:36:53
8.8.8.8,Online,11:36:55
8.8.8.8,Online,11:36:58
8.8.8.8,Online,11:37:00
8.8.8.8,Online,11:37:03
8.8.8.8,Online,11:37:05
8.8.8.8,Online,11:37:08
8.8.8.8,Online,11:37:10
8.8.8.8,Online,11:37:13
8.8.8.8,Online,11:37:15
8.8.8.8,Online,11:37:18
8.8.8.8,Online,11:37:20
8.8.8.8,Online,11:37:23
8.8.8.8,Online,11:37:25
8.8.8.8,Online,11:37:28
8.8.8.8,Online,11:37:30
8.8.8.8,Online,11:37:33
8.8.8.8,Online,11:37:35
8.8.8.8,Online,11:37:38
8.8.8.8,Online,11:37:40
8.8.8.8,Online,11:37:43
8.8.8.8,Online,11:37:45
8.8.8.8,Online,11:37:48
8.8.8.8,Online,11:37:50
8.8.8.8,Online,11:37:53
8.8.8.8,Online,11:37:55
8.8.8.8,Online,11:37:58
8.8.8.8,Online,11:38:00
8.8.8.8,Online,11:38:03
8.8.8.8,Online,11:38:05
8.8.8.8,Online,11:38:08
8.8.8.8,Online,11:38:10
8.8.8.8,Online,11:38:13
8.8.8.8,Online,11:38:15
8.8.8.8,Online,11:38:17
8.8.8.8,Online,11:38:20
8.8.8.8,Online,11:38:22
8.8.8.8,Online,11:38:25
8.8.8.8,Online,11:38:27
8.8.8.8,Online,11:38:30
8.8.8.8,Online,11:38:32
8.8.8.8,Online,11:38:35
8.8.8.8,Online,11:38:37
8.8.8.8,Online,11:38:40
8.8.8.8,Online,11:38:42
8.8.8.8,Online,11:38:45
8.8.8.8,Online,11:38:47
8.8.8.8,Online,11:38:50
8.8.8.8,Online,11:38:52
8.8.8.8,Online,11:38:55
8.8.8.8,Online,11:38:57
8.8.8.8,Online,11:39:00
8.8.8.8,Online,11:39:02
8.8.8.8,Online,11:39:05
8.8.8.8,Online,11:39:07
8.8.8.8,Online,11:39:10
8.8.8.8,Online,11:39:12
8.8.8.8,Online,11:39:15
8.8.8.8,Online,11:39:17
8.8.8.8,Online,11:39:20
8.8.8.8,Online,11:39:22
8.8.8.8,Online,11:39:24
8.8.8.8,Online,11:39:27
8.8.8.8,Online,11:39:29
8.8.8.8,Online,11:39:32
8.8.8.8,Online,11:39:34
8.8.8.8,Online,11:39:37
8.8.8.8,Online,11:39:39
8.8.8.8,Online,11:39:42
8.8.8.8,Online,11:39:44
8.8.8.8,Online,11:39:47
8.8.8.8,Online,11:39:49
8.8.8.8,Online,11:39:52
8.8.8.8,Online,11:39:54
8.8.8.8,Online,11:39:57
8.8.8.8,Online,11:39:59
8.8.8.8,Online,11:40:02
8.8.8.8,Online,11:40:04
8.8.8.8,Online,11:40:07
8.8.8.8,Online,11:40:09
8.8.8.8,Online,11:40:12
8.8.8.8,Online,11:40:14
8.8.8.8,Online,11:40:17
8.8.8.8,Online,11:40:19
8.8.8.8,Online,11:40:22
8.8.8.8,Online,11:40:24
8.8.8.8,Online,11:40:27
8.8.8.8,Online,11:40:29
8.8.8.8,Online,11:40:31
8.8.8.8,Online,11:40:34
8.8.8.8,Online,11:40:36
8.8.8.8,Online,11:40:39
8.8.8.8,Online,11:40:41
8.8.8.8,Online,11:40:44
8.8.8.8,Online,11:40:46
8.8.8.8,Online,11:40:49
8.8.8.8,Online,11:40:51
8.8.8.8,Online,11:40:54
8.8.8.8,Online,11:40:56
8.8.8.8,Online,11:40:59
8.8.8.8,Online,11:41:01
8.8.8.8,Online,11:41:04
8.8.8.8,Online,11:41:06
8.8.8.8,Online,11:41:09
8.8.8.8,Online,11:41:11
8.8.8.8,Online,11:41:14
8.8.8.8,Online,11:41:16
8.8.8.8,Online,11:41:19
8.8.8.8,Online,11:41:21
8.8.8.8,Online,11:41:24
8.8.8.8,Online,11:41:26
8.8.8.8,Online,11:41:29
8.8.8.8,Online,11:41:31
8.8.8.8,Online,11:41:34
8.8.8.8,Online,11:41:36
8.8.8.8,Online,11:41:39
8.8.8.8,Online,11:41:41
8.8.8.8,Online,11:41:44
8.8.8.8,Online,11:41:46
8.8.8.8,Online,11:41:49
8.8.8.8,Online,11:41:51
8.8.8.8,Online,11:41:53
8.8.8.8,Online,11:41:56
8.8.8.8,Online,11:41:58
8.8.8.8,Offline,11:42:02
8.8.8.8,Offline,11:42:05
8.8.8.8,Offline,11:42:08
8.8.8.8,Offline,11:42:11
8.8.8.8,Offline,11:42:14
8.8.8.8,Offline,11:42:17
8.8.8.8,Offline,11:42:20
8.8.8.8,Offline,11:42:24
8.8.8.8,Offline,11:42:27
8.8.8.8,Offline,11:42:32
8.8.8.8,Offline,11:42:35
8.8.8.8,Online,11:42:37
8.8.8.8,Online,11:42:40
8.8.8.8,Online,11:42:42
8.8.8.8,Online,11:42:45
8.8.8.8,Online,11:42:47
8.8.8.8,Online,11:42:50
8.8.8.8,Online,11:42:52
8.8.8.8,Online,11:42:55
8.8.8.8,Online,11:42:57
8.8.8.8,Online,11:43:00
8.8.8.8,Online,11:43:02
8.8.8.8,Online,11:43:05
8.8.8.8,Online,11:43:07
8.8.8.8,Online,11:43:10
8.8.8.8,Online,11:43:12
8.8.8.8,Online,11:43:15
8.8.8.8,Online,11:43:17
8.8.8.8,Online,11:43:20
8.8.8.8,Online,11:43:22
8.8.8.8,Online,11:43:25
8.8.8.8,Online,11:43:27
8.8.8.8,Online,11:43:30
8.8.8.8,Online,11:43:32
8.8.8.8,Online,11:43:35
8.8.8.8,Online,11:43:37
8.8.8.8,Online,11:43:40
8.8.8.8,Online,11:43:42
8.8.8.8,Online,11:43:45
8.8.8.8,Online,11:43:47
8.8.8.8,Online,11:43:50
8.8.8.8,Online,11:43:52
8.8.8.8,Online,11:43:55
8.8.8.8,Online,11:43:57
8.8.8.8,Online,11:44:00
8.8.8.8,Online,11:44:02
8.8.8.8,Online,11:44:05
8.8.8.8,Online,11:44:07
8.8.8.8,Online,11:44:10
8.8.8.8,Online,11:44:12
8.8.8.8,Online,11:44:15
8.8.8.8,Online,11:44:17
8.8.8.8,Online,11:44:20
8.8.8.8,Online,11:44:22
8.8.8.8,Online,11:44:25
8.8.8.8,Online,11:44:27
8.8.8.8,Online,11:44:30
8.8.8.8,Online,11:44:32
8.8.8.8,Online,11:44:35
8.8.8.8,Online,11:44:37
8.8.8.8,Online,11:44:40
8.8.8.8,Online,11:44:42
8.8.8.8,Online,11:44:45
8.8.8.8,Online,11:44:47
8.8.8.8,Online,11:44:50
8.8.8.8,Online,11:44:52
8.8.8.8,Online,11:44:55
8.8.8.8,Online,11:44:57
8.8.8.8,Online,11:45:06
8.8.8.8,Online,11:45:09
8.8.8.8,Online,11:45:11
8.8.8.8,Online,11:45:14
8.8.8.8,Online,11:45:16
8.8.8.8,Offline,11:45:20
8.8.8.8,Offline,11:45:23
8.8.8.8,Offline,11:45:26
8.8.8.8,Online,11:45:35
8.8.8.8,Online,11:45:38
8.8.8.8,Online,11:45:40
8.8.8.8,Online,11:45:43
8.8.8.8,Online,11:45:45
8.8.8.8,Online,11:45:48
8.8.8.8,Online,11:45:50
8.8.8.8,Online,11:45:53
8.8.8.8,Online,11:45:55
8.8.8.8,Online,11:45:58
8.8.8.8,Online,11:46:00
8.8.8.8,Online,11:46:03
8.8.8.8,Online,11:46:05
8.8.8.8,Online,11:46:08
8.8.8.8,Online,11:46:10
8.8.8.8,Online,11:46:13
8.8.8.8,Online,11:46:15
8.8.8.8,Online,11:46:18
8.8.8.8,Online,11:46:20
8.8.8.8,Online,11:46:23
8.8.8.8,Online,11:46:25
8.8.8.8,Online,11:46:28
8.8.8.8,Online,11:46:30
8.8.8.8,Online,11:46:33
8.8.8.8,Online,11:46:35
8.8.8.8,Online,11:46:38
8.8.8.8,Online,11:46:40
8.8.8.8,Online,11:46:43
8.8.8.8,Online,11:46:45
8.8.8.8,Online,11:46:48
8.8.8.8,Online,11:46:50
8.8.8.8,Online,11:46:53
8.8.8.8,Online,11:46:55
8.8.8.8,Online,11:46:58
8.8.8.8,Online,11:47:00
8.8.8.8,Online,11:47:03
8.8.8.8,Online,11:47:06
8.8.8.8,Online,11:47:08
8.8.8.8,Online,11:47:11
8.8.8.8,Online,11:47:13
8.8.8.8,Online,11:47:16
8.8.8.8,Online,11:47:18
8.8.8.8,Online,11:47:21
8.8.8.8,Online,11:47:23
8.8.8.8,Online,11:47:26
8.8.8.8,Online,11:47:28
8.8.8.8,Online,11:47:31
8.8.8.8,Online,11:47:33
8.8.8.8,Online,11:47:36
8.8.8.8,Online,11:47:38
8.8.8.8,Online,11:47:40
8.8.8.8,Online,11:47:43
8.8.8.8,Online,11:47:45
8.8.8.8,Online,11:47:48
8.8.8.8,Online,11:47:50
8.8.8.8,Online,11:47:53
8.8.8.8,Online,11:47:55
8.8.8.8,Online,11:47:58
8.8.8.8,Online,11:48:00
8.8.8.8,Online,11:48:03
8.8.8.8,Online,11:48:05
8.8.8.8,Online,11:48:08
8.8.8.8,Online,11:48:11
8.8.8.8,Online,11:48:13
8.8.8.8,Online,11:48:16
8.8.8.8,Online,11:48:18
8.8.8.8,Online,11:48:21
8.8.8.8,Online,11:48:23
8.8.8.8,Online,11:48:26
8.8.8.8,Online,11:48:28
8.8.8.8,Online,11:48:31
8.8.8.8,Online,11:48:34
8.8.8.8,Online,11:48:37
8.8.8.8,Online,11:48:39
8.8.8.8,Online,11:48:42
8.8.8.8,Online,11:48:44
8.8.8.8,Online,11:48:47
8.8.8.8,Online,11:48:49
8.8.8.8,Online,11:48:52
8.8.8.8,Online,11:48:54
8.8.8.8,Online,11:48:57
8.8.8.8,Online,11:48:59
8.8.8.8,Online,11:49:02
8.8.8.8,Online,11:49:04
8.8.8.8,Online,11:49:07
8.8.8.8,Online,11:49:09
8.8.8.8,Online,11:49:12
8.8.8.8,Online,11:49:14
8.8.8.8,Online,11:49:17
8.8.8.8,Online,11:49:19
8.8.8.8,Online,11:49:22
8.8.8.8,Online,11:49:24
8.8.8.8,Online,11:49:26
8.8.8.8,Online,11:49:29
8.8.8.8,Online,11:49:32
8.8.8.8,Online,11:49:34
8.8.8.8,Online,11:49:36
8.8.8.8,Online,11:49:39
8.8.8.8,Online,11:49:41
8.8.8.8,Online,11:49:44
8.8.8.8,Online,11:49:46
8.8.8.8,Online,11:49:49
8.8.8.8,Online,11:49:51
8.8.8.8,Online,11:49:54
8.8.8.8,Online,11:49:56
8.8.8.8,Online,11:49:59
8.8.8.8,Online,11:50:01
8.8.8.8,Online,11:50:04
8.8.8.8,Online,11:50:07
8.8.8.8,Online,11:50:09
8.8.8.8,Online,11:50:11
8.8.8.8,Online,11:50:14
8.8.8.8,Online,11:50:16
8.8.8.8,Online,11:50:19
8.8.8.8,Online,11:50:21
8.8.8.8,Online,11:50:24
8.8.8.8,Online,11:50:26
8.8.8.8,Online,11:50:29
8.8.8.8,Online,11:50:31
8.8.8.8,Online,11:50:34
8.8.8.8,Online,11:50:36
8.8.8.8,Online,11:50:39
8.8.8.8,Online,11:50:41
8.8.8.8,Online,11:50:44
8.8.8.8,Online,11:50:46
8.8.8.8,Online,11:50:49
8.8.8.8,Online,11:50:51
8.8.8.8,Online,11:50:54
8.8.8.8,Online,11:50:56
8.8.8.8,Online,11:50:59
8.8.8.8,Online,11:51:01
8.8.8.8,Online,11:51:04
8.8.8.8,Online,11:51:06
8.8.8.8,Online,11:51:09
8.8.8.8,Online,11:51:11
8.8.8.8,Online,11:51:14
8.8.8.8,Online,11:51:16
8.8.8.8,Online,11:51:19
8.8.8.8,Online,11:51:21
8.8.8.8,Online,11:51:24
8.8.8.8,Online,11:51:26
8.8.8.8,Online,11:51:29
8.8.8.8,Online,11:51:31
8.8.8.8,Online,11:51:34
8.8.8.8,Online,11:51:36
8.8.8.8,Online,11:51:39
8.8.8.8,Online,11:51:41
8.8.8.8,Online,11:51:44
8.8.8.8,Online,11:51:46
8.8.8.8,Online,11:51:49
8.8.8.8,Online,11:51:51
8.8.8.8,Online,11:51:54
8.8.8.8,Online,11:51:56
8.8.8.8,Online,11:51:59
8.8.8.8,Online,11:52:01
8.8.8.8,Online,11:52:04
8.8.8.8,Online,11:52:06
8.8.8.8,Online,11:52:09
8.8.8.8,Online,11:52:11
8.8.8.8,Online,11:52:13
8.8.8.8,Online,11:52:16
8.8.8.8,Online,11:52:19
8.8.8.8,Online,11:52:21
8.8.8.8,Online,11:52:24
8.8.8.8,Online,11:52:26
8.8.8.8,Online,11:52:29
8.8.8.8,Online,11:52:31
8.8.8.8,Online,11:52:34
8.8.8.8,Online,11:52:36
8.8.8.8,Online,11:52:38
8.8.8.8,Online,11:52:41
8.8.8.8,Online,11:52:44
8.8.8.8,Online,11:52:46
8.8.8.8,Online,11:52:49
8.8.8.8,Online,11:52:51
8.8.8.8,Online,11:52:54
8.8.8.8,Online,11:52:57
8.8.8.8,Online,11:52:59
8.8.8.8,Online,11:53:02
8.8.8.8,Online,11:53:04
8.8.8.8,Online,11:53:07
8.8.8.8,Online,11:53:09
8.8.8.8,Online,11:53:12
8.8.8.8,Online,11:53:14
8.8.8.8,Online,11:53:17
8.8.8.8,Online,11:53:19
8.8.8.8,Online,11:53:22
8.8.8.8,Online,11:53:24
8.8.8.8,Online,11:53:27
8.8.8.8,Online,11:53:29
8.8.8.8,Online,11:53:31
8.8.8.8,Online,11:53:34
8.8.8.8,Online,11:53:36
8.8.8.8,Online,11:53:39
8.8.8.8,Online,11:53:42
8.8.8.8,Online,11:53:44
8.8.8.8,Online,11:53:47
8.8.8.8,Online,11:53:49
8.8.8.8,Online,11:53:52
8.8.8.8,Online,11:53:54
8.8.8.8,Online,11:53:57
8.8.8.8,Online,11:53:59
8.8.8.8,Online,11:54:02
8.8.8.8,Online,11:54:04
8.8.8.8,Online,11:54:07
8.8.8.8,Online,11:54:09
8.8.8.8,Online,11:54:12
8.8.8.8,Online,11:54:14
8.8.8.8,Online,11:54:17
8.8.8.8,Online,11:54:20
8.8.8.8,Online,11:54:22
8.8.8.8,Online,11:54:25
8.8.8.8,Online,11:54:27
8.8.8.8,Online,11:54:30
8.8.8.8,Online,11:54:32
8.8.8.8,Online,11:54:35
8.8.8.8,Online,11:54:37
8.8.8.8,Online,11:54:40
8.8.8.8,Online,11:54:42
8.8.8.8,Online,11:54:45
8.8.8.8,Online,11:54:47
8.8.8.8,Online,11:54:50
8.8.8.8,Online,11:54:53
8.8.8.8,Online,11:54:55
8.8.8.8,Online,11:54:58
8.8.8.8,Online,11:55:00
8.8.8.8,Online,11:55:03
8.8.8.8,Online,11:55:05
8.8.8.8,Online,11:55:08
8.8.8.8,Online,11:55:10
8.8.8.8,Online,11:55:13
8.8.8.8,Online,11:55:15
8.8.8.8,Online,11:55:18
8.8.8.8,Online,11:55:20
8.8.8.8,Online,11:55:23
8.8.8.8,Online,11:55:25
8.8.8.8,Online,11:55:28
8.8.8.8,Online,11:55:30
8.8.8.8,Online,11:55:33
8.8.8.8,Online,11:55:35
8.8.8.8,Online,11:55:38
8.8.8.8,Online,11:55:40
8.8.8.8,Online,11:55:43
8.8.8.8,Online,07:43:58
8.8.8.8,Online,07:44:01
8.8.8.8,Online,07:44:03
8.8.8.8,Online,07:44:06
8.8.8.8,Online,07:44:08
8.8.8.8,Online,07:44:10
8.8.8.8,Online,07:44:12
8.8.8.8,Online,07:44:15
8.8.8.8,Online,07:44:17
8.8.8.8,Online,07:44:19
8.8.8.8,Online,07:44:21
8.8.8.8,Online,07:44:24
8.8.8.8,Online,07:44:26
8.8.8.8,Online,07:44:28
8.8.8.8,Online,07:44:30
8.8.8.8,Online,07:44:33
8.8.8.8,Online,07:44:35
8.8.8.8,Online,07:44:37
8.8.8.8,Online,07:44:39
8.8.8.8,Online,07:44:42
8.8.8.8,Online,07:44:44
8.8.8.8,Online,07:44:46
8.8.8.8,Online,07:44:49
8.8.8.8,Online,07:44:51
8.8.8.8,Online,07:44:53
8.8.8.8,Online,07:44:55
8.8.8.8,Online,07:44:58
8.8.8.8,Online,07:45:00
8.8.8.8,Online,07:45:02
8.8.8.8,Online,07:45:04
8.8.8.8,Online,07:45:06
8.8.8.8,Online,07:45:09
8.8.8.8,Online,07:45:11
8.8.8.8,Online,07:45:13
8.8.8.8,Online,07:45:15
8.8.8.8,Online,07:45:18
8.8.8.8,Online,07:45:20
8.8.8.8,Online,07:45:22
8.8.8.8,Online,07:45:25
8.8.8.8,Online,07:45:27
8.8.8.8,Online,07:45:29
8.8.8.8,Online,07:45:31
8.8.8.8,Online,07:45:34
8.8.8.8,Online,07:45:36
8.8.8.8,Online,07:45:38
8.8.8.8,Online,07:45:40
8.8.8.8,Online,07:45:43
8.8.8.8,Online,07:45:45
8.8.8.8,Online,07:45:47
8.8.8.8,Online,07:45:49
8.8.8.8,Online,07:45:52
8.8.8.8,Online,07:45:54
8.8.8.8,Online,07:45:56
8.8.8.8,Online,07:45:59
8.8.8.8,Online,07:46:01
8.8.8.8,Online,07:46:03
8.8.8.8,Online,07:46:06
8.8.8.8,Offline,07:46:08
8.8.8.8,Online,07:46:10
8.8.8.8,Online,07:46:12
8.8.8.8,Online,07:46:15
8.8.8.8,Online,07:46:17
8.8.8.8,Online,07:46:19
8.8.8.8,Online,07:46:22
8.8.8.8,Online,07:46:24
8.8.8.8,Online,07:46:26
8.8.8.8,Online,07:46:28
8.8.8.8,Online,07:46:31
8.8.8.8,Online,07:46:33
8.8.8.8,Online,07:46:35
8.8.8.8,Online,07:46:37
8.8.8.8,Online,07:46:40
8.8.8.8,Online,07:46:42
8.8.8.8,Online,07:46:44
8.8.8.8,Online,07:46:46
8.8.8.8,Online,07:46:48
8.8.8.8,Online,07:46:51
8.8.8.8,Online,07:46:53
8.8.8.8,Online,07:46:55
8.8.8.8,Online,07:46:58
8.8.8.8,Online,07:47:00
8.8.8.8,Online,07:47:02
8.8.8.8,Online,07:47:04
8.8.8.8,Online,07:47:06
8.8.8.8,Online,07:47:09
8.8.8.8,Online,07:47:11
8.8.8.8,Online,07:47:13
8.8.8.8,Online,07:47:15
8.8.8.8,Online,07:47:18
8.8.8.8,Online,07:47:20
8.8.8.8,Online,07:47:22
8.8.8.8,Online,07:47:25
8.8.8.8,Online,07:47:27
8.8.8.8,Online,07:47:29
8.8.8.8,Online,07:47:31
8.8.8.8,Online,07:47:34
8.8.8.8,Online,07:47:36
8.8.8.8,Online,07:47:38
8.8.8.8,Online,07:47:40
8.8.8.8,Online,07:47:43
8.8.8.8,Online,07:47:45
8.8.8.8,Online,07:47:47
8.8.8.8,Online,07:47:49
8.8.8.8,Online,07:47:52
8.8.8.8,Online,07:47:54
8.8.8.8,Online,07:47:56
8.8.8.8,Online,07:47:58
8.8.8.8,Online,07:48:01
8.8.8.8,Online,07:48:03
8.8.8.8,Online,07:48:05
8.8.8.8,Online,07:48:08
8.8.8.8,Online,07:48:10
8.8.8.8,Online,07:48:12
8.8.8.8,Online,07:48:14
8.8.8.8,Online,07:48:17
8.8.8.8,Online,07:48:19
8.8.8.8,Online,07:48:21
8.8.8.8,Online,07:48:23
8.8.8.8,Online,07:48:26
8.8.8.8,Online,07:48:28
8.8.8.8,Online,07:48:30
8.8.8.8,Online,07:48:32
8.8.8.8,Online,07:48:35
8.8.8.8,Online,07:48:38
8.8.8.8,Online,07:48:40
8.8.8.8,Online,07:48:43
8.8.8.8,Online,07:48:45
8.8.8.8,Online,07:48:47
8.8.8.8,Online,07:48:49
8.8.8.8,Online,07:48:51
8.8.8.8,Online,07:48:54
8.8.8.8,Online,07:48:56
8.8.8.8,Online,07:48:58
8.8.8.8,Online,07:49:01
8.8.8.8,Online,07:49:03
8.8.8.8,Online,07:49:05
8.8.8.8,Online,07:49:07
8.8.8.8,Online,07:49:10
8.8.8.8,Online,07:49:12
8.8.8.8,Online,07:49:14
8.8.8.8,Online,07:49:17
8.8.8.8,Online,07:49:19
8.8.8.8,Online,07:49:21
8.8.8.8,Online,07:49:23
8.8.8.8,Online,07:49:25
8.8.8.8,Online,07:49:28
8.8.8.8,Online,07:49:30
8.8.8.8,Online,07:49:32
8.8.8.8,Online,07:49:34
8.8.8.8,Online,07:49:37
8.8.8.8,Online,07:49:39
8.8.8.8,Online,07:49:41
8.8.8.8,Online,07:49:44
8.8.8.8,Online,07:49:46
8.8.8.8,Online,07:49:48
8.8.8.8,Online,07:49:50
8.8.8.8,Online,07:49:52
8.8.8.8,Online,07:49:55
8.8.8.8,Online,07:49:57
8.8.8.8,Online,07:49:59
8.8.8.8,Online,07:50:02
8.8.8.8,Online,07:50:04
8.8.8.8,Online,07:50:06
8.8.8.8,Online,07:50:08
8.8.8.8,Online,07:50:11
8.8.8.8,Online,07:50:13
8.8.8.8,Online,07:50:15
8.8.8.8,Online,07:50:17
8.8.8.8,Online,07:50:20
8.8.8.8,Online,07:50:22
8.8.8.8,Online,07:50:24
8.8.8.8,Online,07:50:27
8.8.8.8,Online,07:50:29
8.8.8.8,Online,07:50:31
8.8.8.8,Online,07:50:33
8.8.8.8,Online,07:50:36
8.8.8.8,Online,07:50:38
8.8.8.8,Online,07:50:40
8.8.8.8,Online,07:50:42
8.8.8.8,Online,07:50:45
8.8.8.8,Online,07:50:47
8.8.8.8,Online,07:50:49
8.8.8.8,Online,07:50:52
8.8.8.8,Online,07:50:54
8.8.8.8,Online,07:50:56
8.8.8.8,Online,07:50:58
8.8.8.8,Online,07:51:00
8.8.8.8,Online,07:51:03
8.8.8.8,Online,07:51:05
8.8.8.8,Online,07:51:07
8.8.8.8,Online,07:51:09
8.8.8.8,Online,07:51:12
8.8.8.8,Online,07:51:14
8.8.8.8,Online,07:51:16
8.8.8.8,Online,07:51:18
8.8.8.8,Online,07:51:21
8.8.8.8,Online,07:51:23
8.8.8.8,Online,07:51:25
8.8.8.8,Online,07:51:28
8.8.8.8,Online,07:51:30
8.8.8.8,Online,07:51:32
8.8.8.8,Online,07:51:35
8.8.8.8,Online,07:51:37
8.8.8.8,Online,07:51:39
8.8.8.8,Online,07:51:41
8.8.8.8,Online,07:51:44
8.8.8.8,Online,07:51:46
8.8.8.8,Online,07:51:48
8.8.8.8,Online,07:51:50
8.8.8.8,Online,07:51:53
8.8.8.8,Online,07:51:55
8.8.8.8,Online,07:51:57
8.8.8.8,Online,07:52:00
8.8.8.8,Online,07:52:02
8.8.8.8,Online,07:52:04
8.8.8.8,Online,07:52:06
8.8.8.8,Online,07:52:09
8.8.8.8,Online,07:52:11
8.8.8.8,Online,07:52:13
8.8.8.8,Online,07:52:15
8.8.8.8,Online,07:52:18
8.8.8.8,Online,07:52:20
8.8.8.8,Online,07:52:22
8.8.8.8,Online,07:52:24
8.8.8.8,Online,07:52:27
8.8.8.8,Online,07:52:29
8.8.8.8,Online,07:52:31
8.8.8.8,Online,07:52:33
8.8.8.8,Online,07:52:36
8.8.8.8,Online,07:52:38
8.8.8.8,Online,07:52:41
8.8.8.8,Online,07:52:43
8.8.8.8,Online,07:52:45
8.8.8.8,Online,07:52:47
8.8.8.8,Online,07:52:50
8.8.8.8,Offline,07:52:53
8.8.8.8,Online,07:52:55
8.8.8.8,Online,07:52:57
8.8.8.8,Online,07:53:00
8.8.8.8,Online,07:53:02
8.8.8.8,Online,07:53:04
8.8.8.8,Online,07:53:06
8.8.8.8,Online,07:53:09
8.8.8.8,Online,07:53:11
8.8.8.8,Online,07:53:13
8.8.8.8,Online,07:53:16
8.8.8.8,Online,07:53:18
8.8.8.8,Online,07:53:21
8.8.8.8,Online,07:53:23
8.8.8.8,Online,07:53:25
8.8.8.8,Online,07:53:27
8.8.8.8,Online,07:53:30
8.8.8.8,Online,07:53:32
8.8.8.8,Online,07:53:34
8.8.8.8,Online,07:53:36
8.8.8.8,Online,07:53:39
8.8.8.8,Online,07:53:42
8.8.8.8,Online,07:53:44
8.8.8.8,Online,07:53:46
8.8.8.8,Online,07:53:48
8.8.8.8,Online,07:53:51
8.8.8.8,Online,07:53:53
8.8.8.8,Online,07:53:55
8.8.8.8,Online,07:53:57
8.8.8.8,Online,07:54:00
8.8.8.8,Online,07:54:02
8.8.8.8,Online,07:54:04
8.8.8.8,Online,07:54:06
8.8.8.8,Online,07:54:09
8.8.8.8,Online,07:54:11
8.8.8.8,Online,07:54:13
8.8.8.8,Online,07:54:16
8.8.8.8,Online,07:54:18
8.8.8.8,Online,07:54:20
8.8.8.8,Online,07:54:22
8.8.8.8,Online,07:54:25
8.8.8.8,Online,07:54:27
8.8.8.8,Online,07:54:29
8.8.8.8,Online,07:54:31
8.8.8.8,Online,07:54:34
8.8.8.8,Online,07:54:36
8.8.8.8,Online,07:54:38
8.8.8.8,Online,07:54:40
8.8.8.8,Online,07:54:43
8.8.8.8,Online,07:54:45
8.8.8.8,Online,07:54:47
8.8.8.8,Online,07:54:50
8.8.8.8,Online,07:54:52
8.8.8.8,Online,07:54:55
8.8.8.8,Online,07:54:57
8.8.8.8,Online,07:54:59
8.8.8.8,Online,07:55:02
8.8.8.8,Online,07:55:04
8.8.8.8,Online,07:55:06
8.8.8.8,Online,07:55:08
8.8.8.8,Online,07:55:10
8.8.8.8,Online,07:55:13
8.8.8.8,Online,07:55:15
8.8.8.8,Online,07:55:17
8.8.8.8,Online,07:55:19
8.8.8.8,Online,07:55:22
8.8.8.8,Online,07:55:24
8.8.8.8,Online,07:55:26
8.8.8.8,Online,07:55:28
8.8.8.8,Online,07:55:30
8.8.8.8,Online,07:55:33
8.8.8.8,Online,07:55:35
8.8.8.8,Online,07:55:37
8.8.8.8,Online,07:55:40
8.8.8.8,Online,07:55:42
8.8.8.8,Online,07:55:44
8.8.8.8,Online,07:55:46
8.8.8.8,Online,07:55:49
8.8.8.8,Online,07:55:51
8.8.8.8,Online,07:55:53
8.8.8.8,Online,07:55:55
8.8.8.8,Online,07:55:58
8.8.8.8,Online,07:56:00
8.8.8.8,Online,07:56:02
8.8.8.8,Online,07:56:04
8.8.8.8,Online,07:56:07
8.8.8.8,Online,07:56:09
8.8.8.8,Online,07:56:11
8.8.8.8,Online,07:56:13
8.8.8.8,Online,07:56:16
8.8.8.8,Online,07:56:18
8.8.8.8,Online,07:56:20
8.8.8.8,Online,07:56:22
8.8.8.8,Online,07:56:25
8.8.8.8,Online,07:56:27
8.8.8.8,Online,07:56:29
8.8.8.8,Online,07:56:32
8.8.8.8,Online,07:56:34
8.8.8.8,Online,07:56:36
8.8.8.8,Online,07:56:38
8.8.8.8,Online,07:56:41
8.8.8.8,Online,07:56:43
8.8.8.8,Online,07:56:45
8.8.8.8,Online,07:56:48
8.8.8.8,Online,07:56:50
8.8.8.8,Online,07:56:52
8.8.8.8,Online,07:56:55
8.8.8.8,Online,07:56:57
8.8.8.8,Online,07:56:59
8.8.8.8,Online,07:57:01
8.8.8.8,Online,07:57:04
8.8.8.8,Online,07:57:06
8.8.8.8,Online,07:57:08
8.8.8.8,Online,07:57:10
8.8.8.8,Online,07:57:13
8.8.8.8,Online,07:57:15
8.8.8.8,Online,07:57:17
8.8.8.8,Online,07:57:20
8.8.8.8,Online,07:57:22
8.8.8.8,Online,07:57:24
8.8.8.8,Online,07:57:26
8.8.8.8,Online,07:57:29
8.8.8.8,Online,07:57:31
8.8.8.8,Online,07:57:33
8.8.8.8,Online,07:57:36
8.8.8.8,Online,07:57:38
8.8.8.8,Online,07:57:40
8.8.8.8,Online,07:57:42
8.8.8.8,Online,07:57:44
8.8.8.8,Online,07:57:47
8.8.8.8,Online,07:57:49
8.8.8.8,Online,07:57:51
8.8.8.8,Online,07:57:53
8.8.8.8,Online,07:57:56
8.8.8.8,Online,07:57:58
8.8.8.8,Online,07:58:00
8.8.8.8,Online,07:58:03
8.8.8.8,Online,07:58:05
8.8.8.8,Online,07:58:07
8.8.8.8,Online,07:58:09
8.8.8.8,Online,07:58:12
8.8.8.8,Online,07:58:14
8.8.8.8,Online,07:58:17
8.8.8.8,Online,07:58:19
8.8.8.8,Online,07:58:21
8.8.8.8,Online,07:58:23
8.8.8.8,Online,07:58:26
8.8.8.8,Online,07:58:28
8.8.8.8,Online,07:58:31
8.8.8.8,Online,07:58:33
8.8.8.8,Online,07:58:35
8.8.8.8,Online,07:58:37
8.8.8.8,Online,07:58:40
8.8.8.8,Online,07:58:42
8.8.8.8,Online,07:58:44
8.8.8.8,Online,07:58:47
8.8.8.8,Online,07:58:49
8.8.8.8,Online,07:58:52
8.8.8.8,Online,07:58:54
8.8.8.8,Online,07:58:56
8.8.8.8,Online,07:58:59
8.8.8.8,Online,07:59:01
8.8.8.8,Online,07:59:03
8.8.8.8,Online,07:59:05
8.8.8.8,Online,07:59:08
8.8.8.8,Online,07:59:10
8.8.8.8,Online,07:59:12
8.8.8.8,Online,07:59:15
8.8.8.8,Online,07:59:17
8.8.8.8,Online,07:59:19
8.8.8.8,Online,07:59:22
8.8.8.8,Online,07:59:24
8.8.8.8,Online,07:59:26
8.8.8.8,Online,07:59:28
8.8.8.8,Online,07:59:31
8.8.8.8,Online,07:59:33
8.8.8.8,Online,07:59:35
8.8.8.8,Online,07:59:37
8.8.8.8,Online,07:59:40
8.8.8.8,Online,07:59:42
8.8.8.8,Online,07:59:44
8.8.8.8,Online,07:59:47
8.8.8.8,Online,07:59:49
8.8.8.8,Online,07:59:51
8.8.8.8,Online,07:59:54
8.8.8.8,Online,07:59:56
8.8.8.8,Online,07:59:58
8.8.8.8,Online,08:00:01
8.8.8.8,Online,08:00:03
8.8.8.8,Online,08:00:06
8.8.8.8,Online,08:00:08
8.8.8.8,Online,08:00:10
8.8.8.8,Online,08:00:12
8.8.8.8,Online,08:00:15
8.8.8.8,Online,08:00:17
8.8.8.8,Online,08:00:19
8.8.8.8,Online,08:00:21
8.8.8.8,Online,08:00:24
8.8.8.8,Online,08:00:26
8.8.8.8,Online,08:00:28
8.8.8.8,Online,08:00:31
8.8.8.8,Online,08:00:33
8.8.8.8,Online,08:00:35
8.8.8.8,Online,08:00:38
8.8.8.8,Online,08:00:40
8.8.8.8,Online,08:00:42
8.8.8.8,Online,08:00:45
8.8.8.8,Online,08:00:47
8.8.8.8,Online,08:00:49
8.8.8.8,Online,08:00:52
8.8.8.8,Online,08:00:54
8.8.8.8,Online,08:00:56
8.8.8.8,Online,08:00:58
8.8.8.8,Online,08:01:01
8.8.8.8,Online,08:01:03
8.8.8.8,Online,08:01:05
8.8.8.8,Online,08:01:08
8.8.8.8,Online,08:01:10
8.8.8.8,Online,08:01:12
8.8.8.8,Online,08:01:15
8.8.8.8,Online,08:01:17
8.8.8.8,Online,08:01:19
8.8.8.8,Online,08:01:22
8.8.8.8,Online,08:01:24
8.8.8.8,Online,08:01:26
8.8.8.8,Online,08:01:29
8.8.8.8,Online,08:01:31
8.8.8.8,Online,08:01:33
8.8.8.8,Online,08:01:36
8.8.8.8,Online,08:01:38
8.8.8.8,Online,08:01:40
8.8.8.8,Online,08:01:42
8.8.8.8,Online,08:01:45
8.8.8.8,Online,08:01:47
8.8.8.8,Online,08:01:49
8.8.8.8,Online,08:01:51
8.8.8.8,Online,08:01:54
8.8.8.8,Online,08:01:56
8.8.8.8,Online,08:01:58
8.8.8.8,Online,08:02:01
8.8.8.8,Online,08:02:03
8.8.8.8,Online,08:02:05
8.8.8.8,Online,08:02:07
8.8.8.8,Online,08:02:10
8.8.8.8,Online,08:02:12
8.8.8.8,Online,08:02:14
8.8.8.8,Online,08:02:16
8.8.8.8,Online,08:02:19
8.8.8.8,Online,08:02:21
8.8.8.8,Online,08:02:23
8.8.8.8,Online,08:02:26
8.8.8.8,Online,08:02:28
8.8.8.8,Online,08:02:30
8.8.8.8,Online,08:02:32
8.8.8.8,Online,08:02:34
8.8.8.8,Online,08:02:37
8.8.8.8,Online,08:02:39
8.8.8.8,Online,08:02:41
8.8.8.8,Online,08:02:43
8.8.8.8,Online,08:02:46
8.8.8.8,Online,08:02:48
8.8.8.8,Online,08:02:50
8.8.8.8,Online,08:02:53
8.8.8.8,Online,08:02:55
8.8.8.8,Online,08:02:57
8.8.8.8,Online,08:03:00
8.8.8.8,Online,08:03:02
8.8.8.8,Online,08:03:04
8.8.8.8,Online,08:03:06
8.8.8.8,Online,08:03:09
8.8.8.8,Online,08:03:11
8.8.8.8,Online,08:03:13
8.8.8.8,Online,08:03:15
8.8.8.8,Online,08:03:17
8.8.8.8,Online,08:03:20
8.8.8.8,Online,08:03:22
8.8.8.8,Online,08:03:25
8.8.8.8,Online,08:03:27
8.8.8.8,Online,08:03:29
8.8.8.8,Online,08:03:32
8.8.8.8,Online,08:03:34
8.8.8.8,Online,08:03:36
8.8.8.8,Online,08:03:38
8.8.8.8,Online,08:03:41
8.8.8.8,Online,08:03:43
8.8.8.8,Online,08:03:45
8.8.8.8,Online,08:03:47
8.8.8.8,Online,08:03:50
8.8.8.8,Online,08:03:52
8.8.8.8,Online,08:03:54
8.8.8.8,Online,08:03:57
8.8.8.8,Online,08:03:59
8.8.8.8,Online,08:04:01
8.8.8.8,Online,08:04:04
8.8.8.8,Online,08:04:06
8.8.8.8,Online,08:04:08
8.8.8.8,Online,08:04:10
8.8.8.8,Online,08:04:13
8.8.8.8,Online,08:04:15
8.8.8.8,Online,08:04:17
8.8.8.8,Online,08:04:19
8.8.8.8,Online,08:04:22
8.8.8.8,Online,08:04:24
8.8.8.8,Online,08:04:26
8.8.8.8,Online,08:04:28
8.8.8.8,Online,08:04:31
8.8.8.8,Online,08:04:33
8.8.8.8,Online,08:04:35
8.8.8.8,Online,08:04:38
8.8.8.8,Online,08:04:40
8.8.8.8,Online,08:04:42
8.8.8.8,Online,08:04:45
8.8.8.8,Online,08:04:47
8.8.8.8,Online,08:04:49
8.8.8.8,Online,08:04:51
8.8.8.8,Online,08:04:54
8.8.8.8,Online,08:04:56
8.8.8.8,Online,08:04:58
8.8.8.8,Online,08:05:00
8.8.8.8,Online,08:05:03
8.8.8.8,Online,08:05:05
8.8.8.8,Online,08:05:07
8.8.8.8,Online,08:05:10
8.8.8.8,Online,08:05:12
8.8.8.8,Online,08:05:14
8.8.8.8,Online,08:05:17
8.8.8.8,Online,08:05:19
8.8.8.8,Online,08:05:21
8.8.8.8,Online,08:05:23
8.8.8.8,Online,08:05:26
8.8.8.8,Online,08:05:28
8.8.8.8,Online,08:05:30
8.8.8.8,Online,08:05:32
8.8.8.8,Online,08:05:34
8.8.8.8,Online,08:05:37
8.8.8.8,Online,08:05:39
8.8.8.8,Online,08:05:41
8.8.8.8,Online,08:05:44
8.8.8.8,Online,08:05:46
8.8.8.8,Online,08:05:48
8.8.8.8,Online,08:05:50
8.8.8.8,Online,08:05:53
8.8.8.8,Online,08:05:55
8.8.8.8,Online,08:05:57
8.8.8.8,Online,08:06:00
8.8.8.8,Online,08:06:02
8.8.8.8,Online,08:06:04
8.8.8.8,Online,08:06:07
8.8.8.8,Online,08:06:10
8.8.8.8,Online,08:06:12
8.8.8.8,Online,08:06:14
8.8.8.8,Online,08:06:16
8.8.8.8,Online,08:06:19
8.8.8.8,Online,08:06:21
8.8.8.8,Online,08:06:23
8.8.8.8,Online,08:06:25
8.8.8.8,Online,08:06:27
8.8.8.8,Online,08:06:30
8.8.8.8,Online,08:06:32
8.8.8.8,Online,08:06:34
8.8.8.8,Online,08:06:36
8.8.8.8,Online,08:06:39
8.8.8.8,Online,08:06:41
8.8.8.8,Online,08:06:43
8.8.8.8,Online,08:06:46
8.8.8.8,Online,08:06:48
8.8.8.8,Online,08:06:50
8.8.8.8,Online,08:06:52
8.8.8.8,Online,08:06:55
8.8.8.8,Online,08:06:57
8.8.8.8,Online,08:06:59
8.8.8.8,Online,08:07:01
8.8.8.8,Online,08:07:04
8.8.8.8,Online,08:07:06
8.8.8.8,Online,08:07:08
8.8.8.8,Online,08:07:10
8.8.8.8,Online,08:07:13
8.8.8.8,Online,08:07:15
8.8.8.8,Online,08:07:17
8.8.8.8,Online,08:07:19
8.8.8.8,Online,08:07:22
8.8.8.8,Online,08:07:24
8.8.8.8,Online,08:07:26
8.8.8.8,Online,08:07:28
8.8.8.8,Online,08:07:31
8.8.8.8,Online,08:07:33
8.8.8.8,Online,08:07:35
8.8.8.8,Online,08:07:37
8.8.8.8,Online,08:07:39
8.8.8.8,Online,08:07:42
8.8.8.8,Online,08:07:44
8.8.8.8,Online,08:07:46
8.8.8.8,Online,08:07:48
8.8.8.8,Online,08:07:51
8.8.8.8,Online,08:07:53
8.8.8.8,Online,08:07:55
8.8.8.8,Online,08:07:57
8.8.8.8,Online,08:08:00
8.8.8.8,Online,08:08:02
8.8.8.8,Online,08:08:04
8.8.8.8,Online,08:08:07
8.8.8.8,Online,08:08:09
8.8.8.8,Online,08:08:11
8.8.8.8,Online,08:08:13
8.8.8.8,Online,08:08:15
8.8.8.8,Online,08:08:18
8.8.8.8,Online,08:08:20
8.8.8.8,Online,08:08:22
8.8.8.8,Online,08:08:24
8.8.8.8,Online,08:08:27
8.8.8.8,Online,08:08:29
8.8.8.8,Online,08:08:31
8.8.8.8,Online,08:08:33
8.8.8.8,Online,08:08:35
8.8.8.8,Online,08:08:38
8.8.8.8,Online,08:08:40
8.8.8.8,Online,08:08:42
8.8.8.8,Online,08:08:45
8.8.8.8,Online,08:08:47
8.8.8.8,Online,08:08:49
8.8.8.8,Online,08:08:51
8.8.8.8,Online,08:08:54
8.8.8.8,Online,08:08:56
8.8.8.8,Online,08:08:58
8.8.8.8,Online,08:09:00
8.8.8.8,Online,08:09:03
8.8.8.8,Online,08:09:05
8.8.8.8,Online,08:09:07
8.8.8.8,Online,08:09:09
8.8.8.8,Online,08:09:12
8.8.8.8,Online,08:09:14
8.8.8.8,Online,08:09:16
8.8.8.8,Online,08:09:18
8.8.8.8,Online,08:09:21
8.8.8.8,Online,08:09:23
8.8.8.8,Online,08:09:25
8.8.8.8,Online,08:09:28
8.8.8.8,Online,08:09:30
8.8.8.8,Online,08:09:32
8.8.8.8,Online,08:09:34
8.8.8.8,Online,08:09:36
8.8.8.8,Online,08:09:39
8.8.8.8,Online,08:09:41
8.8.8.8,Online,08:09:43
8.8.8.8,Online,08:09:46
8.8.8.8,Online,08:09:48
8.8.8.8,Online,08:09:50
8.8.8.8,Online,08:09:52
8.8.8.8,Online,08:09:54
8.8.8.8,Online,08:09:57
8.8.8.8,Online,08:09:59
8.8.8.8,Online,08:10:01
8.8.8.8,Online,08:10:03
8.8.8.8,Online,08:10:06
8.8.8.8,Online,08:10:08
8.8.8.8,Online,08:10:10
8.8.8.8,Online,08:10:12
8.8.8.8,Online,08:10:15
8.8.8.8,Online,08:10:17
8.8.8.8,Online,08:10:19
8.8.8.8,Online,08:10:21
8.8.8.8,Online,08:10:24
8.8.8.8,Online,08:10:26
8.8.8.8,Online,08:10:28
8.8.8.8,Online,08:10:31
8.8.8.8,Online,08:10:33
8.8.8.8,Online,08:10:35
8.8.8.8,Online,08:10:37
8.8.8.8,Online,08:10:39
8.8.8.8,Online,08:10:42
8.8.8.8,Online,08:10:44
8.8.8.8,Online,08:10:46
8.8.8.8,Online,08:10:48
8.8.8.8,Online,08:10:51
8.8.8.8,Online,08:10:53
8.8.8.8,Online,08:10:55
8.8.8.8,Online,08:10:58
8.8.8.8,Online,08:11:00
8.8.8.8,Online,08:11:02
8.8.8.8,Online,08:11:04
8.8.8.8,Online,08:11:07
8.8.8.8,Online,08:11:09
8.8.8.8,Online,08:11:11
8.8.8.8,Online,08:11:14
8.8.8.8,Online,08:11:16
8.8.8.8,Online,08:11:18
8.8.8.8,Online,08:11:20
8.8.8.8,Online,08:11:23
8.8.8.8,Online,08:11:25
8.8.8.8,Online,08:11:27
8.8.8.8,Online,08:11:29
8.8.8.8,Online,08:11:32
8.8.8.8,Online,08:11:34
8.8.8.8,Online,08:11:36
8.8.8.8,Online,08:11:39
8.8.8.8,Online,08:11:41
8.8.8.8,Online,08:11:43
8.8.8.8,Online,08:11:45
8.8.8.8,Online,08:11:48
8.8.8.8,Online,08:11:50
8.8.8.8,Online,08:11:52
8.8.8.8,Online,08:11:55
8.8.8.8,Online,08:11:57
8.8.8.8,Online,08:11:59
8.8.8.8,Online,08:12:01
8.8.8.8,Online,08:12:03
8.8.8.8,Online,08:12:06
8.8.8.8,Online,08:12:08
8.8.8.8,Online,08:12:10
8.8.8.8,Online,08:12:13
8.8.8.8,Online,08:12:15
8.8.8.8,Online,08:12:17
8.8.8.8,Online,08:12:19
8.8.8.8,Online,08:12:22
8.8.8.8,Online,08:12:24
8.8.8.8,Online,08:12:26
8.8.8.8,Online,08:12:28
8.8.8.8,Online,08:12:31
8.8.8.8,Online,08:12:33
8.8.8.8,Online,08:12:36
8.8.8.8,Online,08:12:38
8.8.8.8,Online,08:12:41
8.8.8.8,Online,08:12:43
8.8.8.8,Online,08:12:45
8.8.8.8,Online,08:12:48
8.8.8.8,Online,08:12:50
8.8.8.8,Online,08:12:52
8.8.8.8,Online,08:12:55
8.8.8.8,Online,08:12:57
8.8.8.8,Online,08:12:59
8.8.8.8,Online,08:13:01
8.8.8.8,Online,08:13:04
8.8.8.8,Online,08:13:06
8.8.8.8,Online,08:13:08
8.8.8.8,Online,08:13:10
8.8.8.8,Online,08:13:13
8.8.8.8,Online,08:13:15
8.8.8.8,Online,08:13:17
8.8.8.8,Online,08:13:20
8.8.8.8,Online,08:13:22
8.8.8.8,Online,08:13:24
8.8.8.8,Online,08:13:26
8.8.8.8,Online,08:13:28
8.8.8.8,Online,08:13:31
8.8.8.8,Online,08:13:33
8.8.8.8,Online,08:13:36
8.8.8.8,Online,08:13:38
8.8.8.8,Online,08:13:40
8.8.8.8,Online,08:13:42
8.8.8.8,Online,08:13:45
8.8.8.8,Online,08:13:47
8.8.8.8,Online,08:13:49
8.8.8.8,Online,08:13:52
8.8.8.8,Online,08:13:54
8.8.8.8,Online,08:13:56
8.8.8.8,Online,08:13:58
8.8.8.8,Online,08:14:01
8.8.8.8,Online,08:14:03
8.8.8.8,Online,08:14:05
8.8.8.8,Online,08:14:08
8.8.8.8,Online,08:14:10
8.8.8.8,Online,08:14:12
8.8.8.8,Online,08:14:15
8.8.8.8,Online,08:14:17
8.8.8.8,Online,08:14:19
8.8.8.8,Online,08:14:21
8.8.8.8,Online,08:14:24
8.8.8.8,Online,08:14:26
8.8.8.8,Online,08:14:28
8.8.8.8,Online,08:14:30
8.8.8.8,Online,08:14:33
8.8.8.8,Online,08:14:35
8.8.8.8,Online,08:14:37
8.8.8.8,Online,08:14:40
8.8.8.8,Online,08:14:42
8.8.8.8,Online,08:14:44
8.8.8.8,Online,08:14:46
8.8.8.8,Online,08:14:49
8.8.8.8,Online,08:14:51
8.8.8.8,Online,08:14:53
8.8.8.8,Online,08:14:56
8.8.8.8,Online,08:14:58
8.8.8.8,Online,08:15:00
8.8.8.8,Online,08:15:02
8.8.8.8,Online,08:15:05
8.8.8.8,Online,08:15:07
8.8.8.8,Online,08:15:09
8.8.8.8,Online,08:15:11
8.8.8.8,Online,08:15:14
8.8.8.8,Online,08:15:16
8.8.8.8,Online,08:15:18
8.8.8.8,Online,08:15:20
8.8.8.8,Online,08:15:22
8.8.8.8,Online,08:15:25
8.8.8.8,Online,08:15:27
8.8.8.8,Online,08:15:29
8.8.8.8,Online,08:15:31
8.8.8.8,Online,08:15:34
8.8.8.8,Online,08:15:36
8.8.8.8,Online,08:15:38
8.8.8.8,Online,08:15:41
8.8.8.8,Online,08:15:43
8.8.8.8,Online,08:15:45
8.8.8.8,Online,08:15:47
8.8.8.8,Online,08:15:49
8.8.8.8,Online,08:15:52
8.8.8.8,Online,08:15:54
8.8.8.8,Online,08:15:56
8.8.8.8,Online,08:15:59
8.8.8.8,Online,08:16:01
8.8.8.8,Online,08:16:03
8.8.8.8,Online,08:16:05
8.8.8.8,Online,08:16:08
8.8.8.8,Online,08:16:10
8.8.8.8,Online,08:16:12
8.8.8.8,Online,08:16:14
8.8.8.8,Online,08:16:16
8.8.8.8,Online,08:16:19
8.8.8.8,Online,08:16:21
8.8.8.8,Online,08:16:23
8.8.8.8,Online,08:16:25
8.8.8.8,Online,08:16:28
8.8.8.8,Online,08:16:30
8.8.8.8,Online,08:16:32
8.8.8.8,Online,08:16:34
8.8.8.8,Online,08:16:37
8.8.8.8,Online,08:16:39
8.8.8.8,Online,08:16:41
8.8.8.8,Online,08:16:43
8.8.8.8,Online,08:16:46
8.8.8.8,Online,08:16:48
8.8.8.8,Online,08:16:50
8.8.8.8,Online,08:16:52
8.8.8.8,Online,08:16:55
8.8.8.8,Online,08:16:57
8.8.8.8,Online,08:16:59
8.8.8.8,Online,08:17:01
8.8.8.8,Online,08:17:04
8.8.8.8,Online,08:17:06
8.8.8.8,Online,08:17:08
8.8.8.8,Online,08:17:11
8.8.8.8,Online,08:17:14
8.8.8.8,Online,08:17:16
8.8.8.8,Online,08:17:19
8.8.8.8,Online,08:17:21
8.8.8.8,Online,08:17:23
8.8.8.8,Online,08:17:26
8.8.8.8,Online,08:17:28
8.8.8.8,Online,08:17:30
8.8.8.8,Online,08:17:32
8.8.8.8,Online,08:17:35
8.8.8.8,Online,08:17:37
8.8.8.8,Online,08:17:39
8.8.8.8,Online,08:17:41
8.8.8.8,Online,08:17:44
8.8.8.8,Online,08:17:46
8.8.8.8,Online,08:17:48
8.8.8.8,Online,08:17:51
8.8.8.8,Online,08:17:53
8.8.8.8,Online,08:17:55
8.8.8.8,Online,08:17:57
8.8.8.8,Online,08:17:59
8.8.8.8,Online,08:18:02
8.8.8.8,Online,08:18:04
8.8.8.8,Online,08:18:06
8.8.8.8,Online,08:18:09
8.8.8.8,Online,08:18:11
8.8.8.8,Online,08:18:13
8.8.8.8,Online,08:18:16
8.8.8.8,Online,08:18:18
8.8.8.8,Online,08:18:20
8.8.8.8,Online,08:18:22
8.8.8.8,Online,08:18:25
8.8.8.8,Online,08:18:27
8.8.8.8,Online,08:18:29
8.8.8.8,Online,08:18:32
8.8.8.8,Online,08:18:34
8.8.8.8,Online,08:18:36
8.8.8.8,Online,08:18:39
8.8.8.8,Online,08:18:41
8.8.8.8,Online,08:18:43
8.8.8.8,Online,08:18:46
8.8.8.8,Online,08:18:48
8.8.8.8,Online,08:18:50
8.8.8.8,Online,08:18:53
8.8.8.8,Online,08:18:55
8.8.8.8,Online,08:18:57
8.8.8.8,Online,08:18:59
8.8.8.8,Online,08:19:01
8.8.8.8,Online,08:19:04
8.8.8.8,Online,08:19:06
8.8.8.8,Online,08:19:08
8.8.8.8,Online,08:19:11
8.8.8.8,Online,08:19:13
8.8.8.8,Online,08:19:15
8.8.8.8,Online,08:19:17
8.8.8.8,Online,08:19:20
8.8.8.8,Online,08:19:22
8.8.8.8,Online,08:19:24
8.8.8.8,Online,08:19:26
8.8.8.8,Online,08:19:29
8.8.8.8,Online,08:19:31
8.8.8.8,Online,08:19:33
8.8.8.8,Online,08:19:36
8.8.8.8,Online,08:19:38
8.8.8.8,Online,08:19:41
8.8.8.8,Online,08:19:43
8.8.8.8,Online,08:19:46
8.8.8.8,Online,08:19:48
8.8.8.8,Online,08:19:50
8.8.8.8,Online,08:19:52
8.8.8.8,Online,08:19:53
8.8.8.8,Online,08:19:55
8.8.8.8,Online,08:19:56
8.8.8.8,Online,08:19:57
8.8.8.8,Online,08:19:58
8.8.8.8,Online,08:19:59
8.8.8.8,Online,08:20:00
8.8.8.8,Online,08:20:02
8.8.8.8,Online,08:20:02
8.8.8.8,Online,08:20:04
8.8.8.8,Online,08:20:05
8.8.8.8,Online,08:20:06
8.8.8.8,Online,08:20:07
8.8.8.8,Online,08:20:09
8.8.8.8,Online,08:20:09
8.8.8.8,Online,08:20:11
8.8.8.8,Online,08:20:11
8.8.8.8,Online,08:20:13
8.8.8.8,Online,08:20:13
8.8.8.8,Online,08:20:16
8.8.8.8,Online,08:20:16
8.8.8.8,Online,08:20:18
8.8.8.8,Online,08:20:18
8.8.8.8,Online,08:20:20
8.8.8.8,Online,08:20:20
8.8.8.8,Online,08:20:22
8.8.8.8,Online,08:20:22
8.8.8.8,Online,08:20:24
8.8.8.8,Online,08:20:25
8.8.8.8,Online,08:20:27
8.8.8.8,Online,08:20:27
8.8.8.8,Online,08:20:29
8.8.8.8,Online,08:20:29
8.8.8.8,Online,08:20:57
8.8.8.8,Online,08:21:00
8.8.8.8,Online,08:21:03
8.8.8.8,Online,08:21:05
8.8.8.8,Online,08:21:08
8.8.8.8,Online,08:21:10
8.8.8.8,Online,08:21:13
8.8.8.8,Online,08:21:16
8.8.8.8,Online,08:21:18
8.8.8.8,Online,08:21:21
8.8.8.8,Online,08:21:23
8.8.8.8,Online,08:21:26
8.8.8.8,Online,08:21:28
8.8.8.8,Online,08:21:31
8.8.8.8,Online,08:21:34
8.8.8.8,Online,08:21:36
8.8.8.8,Online,08:21:39
8.8.8.8,Online,08:21:41
8.8.8.8,Online,08:21:44
8.8.8.8,Online,08:21:46
8.8.8.8,Online,08:21:49
8.8.8.8,Online,08:21:51
8.8.8.8,Online,08:21:54
8.8.8.8,Online,08:21:57
8.8.8.8,Online,08:21:59
8.8.8.8,Online,08:22:02
8.8.8.8,Online,08:22:05
8.8.8.8,Online,08:22:07
8.8.8.8,Online,08:41:13
8.8.8.8,Online,08:41:17
8.8.8.8,Online,08:41:22
8.8.8.8,Online,08:41:26
8.8.8.8,Online,08:41:28
8.8.8.8,Online,08:41:31
8.8.8.8,Online,08:41:34
8.8.8.8,Online,08:41:36
8.8.8.8,Online,08:41:39
8.8.8.8,Online,08:41:41
8.8.8.8,Online,08:41:44
8.8.8.8,Online,08:41:46
8.8.8.8,Online,08:41:49
8.8.8.8,Online,08:41:51
8.8.8.8,Online,08:41:54
8.8.8.8,Online,08:41:56
8.8.8.8,Online,08:41:59
8.8.8.8,Online,08:42:01
8.8.8.8,Online,08:42:04
8.8.8.8,Online,08:42:06
8.8.8.8,Online,08:42:09
8.8.8.8,Online,08:42:12
8.8.8.8,Online,08:42:14
8.8.8.8,Online,08:42:17
8.8.8.8,Online,08:42:19
8.8.8.8,Online,08:42:22
8.8.8.8,Online,08:42:25
8.8.8.8,Online,08:42:27
8.8.8.8,Online,08:42:30
8.8.8.8,Online,08:42:32
8.8.8.8,Online,08:42:35
8.8.8.8,Online,08:42:38
8.8.8.8,Online,08:42:40
8.8.8.8,Online,08:42:43
8.8.8.8,Online,08:42:46
8.8.8.8,Online,08:42:48
8.8.8.8,Online,08:42:51
8.8.8.8,Online,08:42:53
8.8.8.8,Online,08:42:56
8.8.8.8,Online,08:42:58
8.8.8.8,Online,08:43:01
8.8.8.8,Online,08:43:04
8.8.8.8,Online,08:43:06
8.8.8.8,Online,08:43:09
8.8.8.8,Online,08:43:11
8.8.8.8,Online,08:43:14
8.8.8.8,Online,08:43:17
8.8.8.8,Online,08:43:19
8.8.8.8,Online,08:43:22
8.8.8.8,Online,08:43:24
8.8.8.8,Online,08:43:27
8.8.8.8,Online,08:43:29
8.8.8.8,Online,08:43:32
8.8.8.8,Online,08:43:34
8.8.8.8,Online,08:43:37
8.8.8.8,Online,08:43:39
8.8.8.8,Online,08:43:42
8.8.8.8,Online,08:43:44
8.8.8.8,Online,08:43:47
8.8.8.8,Online,08:43:49
8.8.8.8,Online,08:43:52
8.8.8.8,Online,08:43:54
8.8.8.8,Online,08:43:57
8.8.8.8,Online,08:43:59
8.8.8.8,Online,08:44:02
8.8.8.8,Online,08:44:04
8.8.8.8,Online,08:44:07
8.8.8.8,Online,08:44:09
8.8.8.8,Online,08:44:12
8.8.8.8,Online,08:44:14
8.8.8.8,Online,08:44:17
8.8.8.8,Online,08:44:19
8.8.8.8,Online,08:44:22
8.8.8.8,Online,08:44:24
8.8.8.8,Online,08:44:27
8.8.8.8,Online,08:44:29
8.8.8.8,Online,08:44:32
8.8.8.8,Online,08:44:34
8.8.8.8,Online,08:44:37
8.8.8.8,Online,08:44:39
8.8.8.8,Online,08:44:42
8.8.8.8,Online,08:44:45
8.8.8.8,Online,08:44:47
8.8.8.8,Online,08:44:50
8.8.8.8,Online,08:44:52
8.8.8.8,Online,08:44:55
8.8.8.8,Online,08:44:57
8.8.8.8,Online,08:45:00
8.8.8.8,Online,08:45:02
8.8.8.8,Online,08:45:05
8.8.8.8,Online,08:45:08
8.8.8.8,Online,08:45:11
8.8.8.8,Online,08:45:13
8.8.8.8,Online,08:45:16
8.8.8.8,Online,08:45:18
8.8.8.8,Online,08:45:21
8.8.8.8,Online,08:45:24
8.8.8.8,Online,08:45:26
8.8.8.8,Online,08:45:29
8.8.8.8,Online,08:45:31
8.8.8.8,Online,08:45:34
8.8.8.8,Online,08:45:36
8.8.8.8,Online,08:45:39
8.8.8.8,Online,08:45:42
8.8.8.8,Online,08:45:44
8.8.8.8,Online,08:45:47
8.8.8.8,Online,08:45:49
8.8.8.8,Online,08:45:52
8.8.8.8,Online,08:45:54
8.8.8.8,Online,08:45:57
8.8.8.8,Online,08:45:59
8.8.8.8,Online,08:46:02
8.8.8.8,Online,08:46:04
8.8.8.8,Online,08:46:07
8.8.8.8,Online,08:46:10
8.8.8.8,Online,08:46:12
8.8.8.8,Online,08:46:15
8.8.8.8,Online,08:46:17
8.8.8.8,Online,08:46:20
8.8.8.8,Online,08:46:22
8.8.8.8,Online,08:46:25
8.8.8.8,Online,08:46:27
8.8.8.8,Online,08:46:30
8.8.8.8,Online,08:46:32
8.8.8.8,Online,08:46:35
8.8.8.8,Online,08:46:37
8.8.8.8,Online,08:46:40
8.8.8.8,Online,08:46:42
8.8.8.8,Online,08:46:45
8.8.8.8,Online,08:46:48
8.8.8.8,Online,08:46:50
8.8.8.8,Online,08:46:52
8.8.8.8,Online,08:46:55
8.8.8.8,Online,08:46:58
8.8.8.8,Online,08:47:00
8.8.8.8,Online,08:47:03
8.8.8.8,Online,08:47:05
8.8.8.8,Online,08:47:08
8.8.8.8,Online,08:47:11
8.8.8.8,Online,08:47:13
8.8.8.8,Online,08:47:16
8.8.8.8,Online,08:47:19
8.8.8.8,Online,08:47:21
8.8.8.8,Online,08:47:24
8.8.8.8,Online,08:47:27
8.8.8.8,Online,08:47:29
8.8.8.8,Online,08:47:32
8.8.8.8,Online,08:47:34
8.8.8.8,Online,08:47:37
8.8.8.8,Online,08:47:40
8.8.8.8,Online,08:47:43
8.8.8.8,Online,08:47:45
8.8.8.8,Online,08:47:48
8.8.8.8,Online,08:47:51
8.8.8.8,Online,08:47:53
8.8.8.8,Online,08:47:56
8.8.8.8,Online,08:47:58
8.8.8.8,Online,08:48:01
8.8.8.8,Online,08:48:03
8.8.8.8,Online,08:48:06
8.8.8.8,Online,08:48:08
8.8.8.8,Online,08:48:11
8.8.8.8,Online,08:48:13
8.8.8.8,Online,08:48:16
8.8.8.8,Online,08:48:19
8.8.8.8,Online,08:48:21
8.8.8.8,Online,08:48:24
8.8.8.8,Online,08:48:26
8.8.8.8,Online,08:48:29
8.8.8.8,Online,08:48:31
8.8.8.8,Online,08:48:34
8.8.8.8,Online,08:48:37
8.8.8.8,Online,08:48:40
8.8.8.8,Online,08:48:42
8.8.8.8,Online,08:48:45
8.8.8.8,Online,08:48:48
8.8.8.8,Online,08:48:50
8.8.8.8,Online,08:48:53
8.8.8.8,Online,08:48:55
8.8.8.8,Online,08:48:58
8.8.8.8,Online,08:49:00
8.8.8.8,Online,08:49:03
8.8.8.8,Online,08:49:06
8.8.8.8,Online,08:49:08
8.8.8.8,Online,08:49:11
8.8.8.8,Online,08:49:13
8.8.8.8,Online,08:49:16
8.8.8.8,Online,08:49:18
8.8.8.8,Online,08:49:21
8.8.8.8,Online,08:49:23
8.8.8.8,Online,08:49:26
8.8.8.8,Online,08:49:29
8.8.8.8,Online,08:49:31
8.8.8.8,Online,08:49:34
8.8.8.8,Online,08:49:36
8.8.8.8,Online,08:49:39
8.8.8.8,Online,08:49:41
8.8.8.8,Online,08:49:44
8.8.8.8,Online,08:49:46
8.8.8.8,Online,08:49:49
8.8.8.8,Online,08:49:52
8.8.8.8,Online,08:49:54
8.8.8.8,Online,08:49:57
8.8.8.8,Online,08:49:59
8.8.8.8,Online,08:50:02
8.8.8.8,Online,08:50:04
8.8.8.8,Online,08:50:07
8.8.8.8,Online,08:50:09
8.8.8.8,Online,08:50:12
8.8.8.8,Online,08:50:15
8.8.8.8,Online,08:50:17
8.8.8.8,Online,08:50:20
8.8.8.8,Online,08:50:22
8.8.8.8,Online,08:50:25
8.8.8.8,Online,08:50:27
8.8.8.8,Online,08:50:30
8.8.8.8,Online,08:50:32
8.8.8.8,Online,08:50:35
8.8.8.8,Online,08:50:38
8.8.8.8,Online,08:50:40
8.8.8.8,Online,08:50:43
8.8.8.8,Online,08:50:45
8.8.8.8,Online,08:50:48
8.8.8.8,Online,08:50:50
8.8.8.8,Online,08:50:53
8.8.8.8,Online,08:50:56
8.8.8.8,Online,08:50:58
8.8.8.8,Online,08:51:01
8.8.8.8,Online,08:51:04
8.8.8.8,Online,08:51:06
8.8.8.8,Online,08:51:09
8.8.8.8,Online,08:51:11
8.8.8.8,Online,08:51:14
8.8.8.8,Online,08:51:16
8.8.8.8,Online,08:51:19
8.8.8.8,Online,08:51:21
8.8.8.8,Online,08:51:24
8.8.8.8,Online,08:51:27
8.8.8.8,Online,08:51:29
8.8.8.8,Online,08:51:32
8.8.8.8,Online,08:51:34
8.8.8.8,Online,08:51:37
8.8.8.8,Online,08:51:39
8.8.8.8,Online,08:51:42
8.8.8.8,Online,08:51:44
8.8.8.8,Online,08:51:47
8.8.8.8,Online,08:51:49
8.8.8.8,Online,08:51:52
8.8.8.8,Online,08:51:55
8.8.8.8,Online,08:51:57
8.8.8.8,Online,08:52:00
8.8.8.8,Online,08:52:02
8.8.8.8,Online,08:52:05
8.8.8.8,Online,08:52:07
8.8.8.8,Online,08:52:10
8.8.8.8,Online,08:52:12
8.8.8.8,Online,08:52:15
8.8.8.8,Online,08:52:18
8.8.8.8,Online,08:52:20
8.8.8.8,Online,08:52:23
8.8.8.8,Online,08:52:25
8.8.8.8,Online,08:52:28
8.8.8.8,Online,08:52:31
8.8.8.8,Online,08:52:33
8.8.8.8,Online,08:52:36
8.8.8.8,Online,08:52:39
8.8.8.8,Online,08:52:41
8.8.8.8,Online,08:52:44
8.8.8.8,Online,08:52:47
8.8.8.8,Online,08:52:49
8.8.8.8,Online,08:52:52
8.8.8.8,Online,08:52:54
8.8.8.8,Online,08:52:57
8.8.8.8,Online,08:53:00
8.8.8.8,Online,08:53:02
8.8.8.8,Online,08:53:05
8.8.8.8,Online,08:53:07
8.8.8.8,Online,08:53:10
8.8.8.8,Online,08:53:13
8.8.8.8,Online,08:53:15
8.8.8.8,Online,08:53:18
8.8.8.8,Online,08:53:20
8.8.8.8,Online,08:53:23
8.8.8.8,Online,08:53:25
8.8.8.8,Online,08:53:28
8.8.8.8,Online,08:53:31
8.8.8.8,Online,08:53:33
8.8.8.8,Online,08:53:35
8.8.8.8,Online,08:53:38
8.8.8.8,Online,08:53:40
8.8.8.8,Online,08:53:43
8.8.8.8,Online,08:53:45
8.8.8.8,Online,08:53:48
8.8.8.8,Online,08:53:50
8.8.8.8,Online,08:53:53
8.8.8.8,Online,08:53:55
8.8.8.8,Online,08:53:58
8.8.8.8,Online,08:54:01
8.8.8.8,Online,08:54:03
8.8.8.8,Online,08:54:06
8.8.8.8,Online,08:54:08
8.8.8.8,Online,08:54:11
8.8.8.8,Online,08:54:13
8.8.8.8,Online,08:54:16
8.8.8.8,Online,08:54:18
8.8.8.8,Online,08:54:21
8.8.8.8,Online,08:54:23
8.8.8.8,Online,08:54:26
8.8.8.8,Online,08:54:28
8.8.8.8,Online,08:54:31
8.8.8.8,Online,08:54:33
8.8.8.8,Online,08:54:36
8.8.8.8,Online,08:54:39
8.8.8.8,Online,08:54:41
8.8.8.8,Online,08:54:44
8.8.8.8,Online,08:54:46
8.8.8.8,Online,08:54:49
8.8.8.8,Online,08:54:52
8.8.8.8,Online,08:54:54
8.8.8.8,Online,08:54:57
8.8.8.8,Online,08:54:59
8.8.8.8,Online,08:55:02
8.8.8.8,Online,08:55:04
8.8.8.8,Online,08:55:07
8.8.8.8,Online,08:55:09
8.8.8.8,Online,08:55:12
8.8.8.8,Online,08:55:14
8.8.8.8,Online,08:55:17
8.8.8.8,Online,08:55:19
8.8.8.8,Online,08:55:22
8.8.8.8,Online,08:55:24
8.8.8.8,Online,08:55:27
8.8.8.8,Online,08:55:29
8.8.8.8,Online,08:55:32
8.8.8.8,Online,08:55:35
8.8.8.8,Online,08:55:37
8.8.8.8,Online,08:55:40
8.8.8.8,Online,08:55:42
8.8.8.8,Online,08:55:45
8.8.8.8,Online,08:55:47
8.8.8.8,Online,08:55:50
8.8.8.8,Online,08:55:53
8.8.8.8,Online,08:55:55
8.8.8.8,Online,08:55:58
8.8.8.8,Online,08:56:00
8.8.8.8,Online,08:56:03
8.8.8.8,Online,08:56:05
8.8.8.8,Online,08:56:08
8.8.8.8,Online,08:56:10
8.8.8.8,Online,08:56:13
8.8.8.8,Online,08:56:15
8.8.8.8,Online,08:56:18
8.8.8.8,Online,08:56:21
8.8.8.8,Online,08:56:23
8.8.8.8,Online,08:56:26
8.8.8.8,Online,08:56:28
8.8.8.8,Online,08:56:31
8.8.8.8,Online,08:56:33
8.8.8.8,Online,08:56:36
8.8.8.8,Online,08:56:38
8.8.8.8,Online,08:56:41
8.8.8.8,Online,08:56:43
8.8.8.8,Online,08:56:46
8.8.8.8,Online,08:56:48
8.8.8.8,Online,08:56:51
8.8.8.8,Online,08:56:54
8.8.8.8,Online,08:56:56
8.8.8.8,Online,08:56:59
8.8.8.8,Online,08:57:02
8.8.8.8,Online,08:57:04
8.8.8.8,Online,08:57:07
8.8.8.8,Online,08:57:09
8.8.8.8,Online,08:57:12
8.8.8.8,Online,08:57:15
8.8.8.8,Online,08:57:17
8.8.8.8,Online,08:57:20
8.8.8.8,Online,08:57:23
8.8.8.8,Online,08:57:25
8.8.8.8,Online,08:57:28
8.8.8.8,Online,08:57:30
8.8.8.8,Online,08:57:33
8.8.8.8,Online,08:57:36
8.8.8.8,Online,08:57:38
8.8.8.8,Online,08:57:41
8.8.8.8,Online,08:57:44
8.8.8.8,Online,08:57:46
8.8.8.8,Online,08:57:49
8.8.8.8,Online,08:57:51
8.8.8.8,Online,08:57:54
8.8.8.8,Online,08:57:57
8.8.8.8,Online,08:57:59
8.8.8.8,Online,08:58:02
8.8.8.8,Online,08:58:04
8.8.8.8,Online,08:58:07
8.8.8.8,Online,08:58:10
8.8.8.8,Online,08:58:12
8.8.8.8,Online,08:58:15
8.8.8.8,Online,08:58:17
8.8.8.8,Online,08:58:20
8.8.8.8,Online,08:58:22
8.8.8.8,Online,08:58:25
8.8.8.8,Online,08:58:27
8.8.8.8,Online,08:58:30
8.8.8.8,Online,08:58:32
8.8.8.8,Online,08:58:35
8.8.8.8,Online,08:58:38
8.8.8.8,Online,08:58:40
8.8.8.8,Online,08:58:43
8.8.8.8,Online,08:58:45
8.8.8.8,Online,08:58:48
8.8.8.8,Online,08:58:50
8.8.8.8,Online,08:58:53
8.8.8.8,Online,08:58:56
8.8.8.8,Online,08:58:58
8.8.8.8,Online,08:59:01
8.8.8.8,Online,08:59:03
8.8.8.8,Online,08:59:06
8.8.8.8,Online,08:59:08
8.8.8.8,Online,08:59:11
8.8.8.8,Online,08:59:13
8.8.8.8,Online,08:59:16
8.8.8.8,Online,08:59:19
8.8.8.8,Online,08:59:21
8.8.8.8,Online,08:59:24
8.8.8.8,Online,08:59:27
8.8.8.8,Online,08:59:29
8.8.8.8,Online,08:59:32
8.8.8.8,Online,08:59:34
8.8.8.8,Online,08:59:37
8.8.8.8,Online,08:59:39
8.8.8.8,Online,08:59:42
8.8.8.8,Online,08:59:44
8.8.8.8,Online,08:59:47
8.8.8.8,Online,08:59:49
8.8.8.8,Online,08:59:52
8.8.8.8,Online,08:59:55
8.8.8.8,Online,08:59:57
8.8.8.8,Online,09:00:00
8.8.8.8,Online,09:00:02
8.8.8.8,Online,09:00:05
8.8.8.8,Online,09:00:08
8.8.8.8,Online,09:00:10
8.8.8.8,Online,09:00:13
8.8.8.8,Online,09:00:15
8.8.8.8,Online,09:00:18
8.8.8.8,Online,09:00:20
8.8.8.8,Online,09:00:23
8.8.8.8,Online,09:00:25
8.8.8.8,Online,09:00:28
8.8.8.8,Online,09:00:31
8.8.8.8,Online,09:00:33
8.8.8.8,Online,09:00:36
8.8.8.8,Online,09:00:38
8.8.8.8,Online,09:00:41
8.8.8.8,Online,09:00:43
8.8.8.8,Online,09:00:46
8.8.8.8,Online,09:00:48
8.8.8.8,Online,09:00:51
8.8.8.8,Online,09:00:54
8.8.8.8,Online,09:00:56
8.8.8.8,Online,09:00:59
8.8.8.8,Online,09:01:02
8.8.8.8,Online,09:01:04
8.8.8.8,Online,09:01:07
8.8.8.8,Online,09:01:09
8.8.8.8,Online,09:01:12
8.8.8.8,Online,09:01:14
8.8.8.8,Online,09:01:17
8.8.8.8,Online,09:01:19
8.8.8.8,Online,09:01:22
8.8.8.8,Online,09:01:24
8.8.8.8,Online,09:01:27
8.8.8.8,Online,09:01:29
8.8.8.8,Online,09:01:32
8.8.8.8,Online,09:01:35
8.8.8.8,Online,09:01:37
8.8.8.8,Online,09:01:40
8.8.8.8,Online,09:01:42
8.8.8.8,Offline,09:01:46
8.8.8.8,Online,09:01:48
8.8.8.8,Online,09:01:51
8.8.8.8,Online,09:01:53
8.8.8.8,Online,09:01:56
8.8.8.8,Online,09:01:58
8.8.8.8,Online,09:02:01
8.8.8.8,Online,09:02:04
8.8.8.8,Online,09:02:06
8.8.8.8,Online,09:02:09
8.8.8.8,Online,09:02:11
8.8.8.8,Online,09:02:14
8.8.8.8,Online,09:02:17
8.8.8.8,Online,09:02:19
8.8.8.8,Online,09:02:22
8.8.8.8,Online,09:02:24
8.8.8.8,Online,09:02:27
8.8.8.8,Online,09:02:30
8.8.8.8,Online,09:02:32
8.8.8.8,Online,09:02:35
8.8.8.8,Online,09:02:37
8.8.8.8,Online,09:02:40
8.8.8.8,Online,09:02:42
8.8.8.8,Online,09:02:45
8.8.8.8,Online,09:02:48
8.8.8.8,Online,09:02:51
8.8.8.8,Online,09:02:53
8.8.8.8,Online,09:02:56
8.8.8.8,Online,09:02:59
8.8.8.8,Online,09:03:02
8.8.8.8,Online,09:03:04
8.8.8.8,Online,09:03:07
8.8.8.8,Online,09:03:10
8.8.8.8,Online,09:03:12
8.8.8.8,Online,09:03:15
8.8.8.8,Online,09:03:18
8.8.8.8,Online,09:03:20
8.8.8.8,Online,09:03:23
8.8.8.8,Online,09:03:25
8.8.8.8,Online,09:03:28
8.8.8.8,Online,09:03:30
8.8.8.8,Online,09:03:33
8.8.8.8,Online,09:03:35
8.8.8.8,Online,09:03:38
8.8.8.8,Online,09:03:41
8.8.8.8,Online,09:03:43
8.8.8.8,Online,09:03:46
8.8.8.8,Online,09:03:48
8.8.8.8,Online,09:03:51
8.8.8.8,Online,09:03:53
8.8.8.8,Online,09:03:56
8.8.8.8,Online,09:03:58
8.8.8.8,Online,09:04:01
8.8.8.8,Online,09:04:03
8.8.8.8,Online,09:04:06
8.8.8.8,Online,09:04:09
8.8.8.8,Online,09:04:11
8.8.8.8,Online,09:04:14
8.8.8.8,Online,09:04:16
8.8.8.8,Online,09:04:19
8.8.8.8,Online,09:04:21
8.8.8.8,Online,09:04:24
8.8.8.8,Online,09:04:26
8.8.8.8,Online,09:04:29
8.8.8.8,Online,09:04:31
8.8.8.8,Online,09:04:34
8.8.8.8,Online,09:04:36
8.8.8.8,Online,09:04:39
8.8.8.8,Online,09:04:41
8.8.8.8,Online,09:04:44
8.8.8.8,Online,09:04:46
8.8.8.8,Online,09:04:49
8.8.8.8,Online,09:04:51
8.8.8.8,Online,09:04:54
8.8.8.8,Online,09:04:56
8.8.8.8,Online,09:04:59
8.8.8.8,Online,09:05:01
8.8.8.8,Online,09:05:04
8.8.8.8,Online,09:05:06
8.8.8.8,Online,09:05:09
8.8.8.8,Online,09:05:11
8.8.8.8,Online,09:05:14
8.8.8.8,Online,09:05:16
8.8.8.8,Online,09:05:19
8.8.8.8,Online,09:05:21
8.8.8.8,Online,09:05:24
8.8.8.8,Online,09:05:26
8.8.8.8,Online,09:05:29
8.8.8.8,Online,09:05:31
8.8.8.8,Online,09:05:34
8.8.8.8,Online,09:05:36
8.8.8.8,Online,09:05:39
8.8.8.8,Online,09:05:41
8.8.8.8,Online,09:05:44
8.8.8.8,Online,09:05:46
8.8.8.8,Online,09:05:49
8.8.8.8,Online,09:05:51
8.8.8.8,Online,09:05:54
8.8.8.8,Online,09:05:56
8.8.8.8,Online,09:05:59
8.8.8.8,Online,09:06:01
8.8.8.8,Online,09:06:03
8.8.8.8,Online,09:06:06
8.8.8.8,Online,09:06:09
8.8.8.8,Online,09:06:11
8.8.8.8,Online,09:06:14
8.8.8.8,Online,09:06:16
8.8.8.8,Online,09:06:19
8.8.8.8,Online,09:06:21
8.8.8.8,Online,09:06:24
8.8.8.8,Online,09:06:26
8.8.8.8,Online,09:06:29
8.8.8.8,Online,09:06:31
8.8.8.8,Online,09:06:34
8.8.8.8,Online,09:06:36
8.8.8.8,Online,09:06:39
8.8.8.8,Online,09:06:41
8.8.8.8,Online,09:06:44
8.8.8.8,Online,09:06:46
8.8.8.8,Online,09:06:49
8.8.8.8,Online,09:06:51
8.8.8.8,Online,09:06:54
8.8.8.8,Online,09:06:57
8.8.8.8,Online,09:06:59
8.8.8.8,Online,09:07:01
8.8.8.8,Online,09:07:04
8.8.8.8,Online,09:07:06
8.8.8.8,Online,09:07:09
8.8.8.8,Online,09:07:11
8.8.8.8,Online,09:07:14
8.8.8.8,Online,09:07:17
8.8.8.8,Online,09:07:20
8.8.8.8,Online,09:07:22
8.8.8.8,Online,09:07:25
8.8.8.8,Online,09:07:27
8.8.8.8,Online,09:07:30
8.8.8.8,Online,09:07:32
8.8.8.8,Online,09:07:35
8.8.8.8,Online,09:07:37
8.8.8.8,Online,09:07:40
8.8.8.8,Online,09:07:43
8.8.8.8,Online,09:07:45
8.8.8.8,Online,09:07:48
8.8.8.8,Online,09:07:50
8.8.8.8,Online,09:07:53
8.8.8.8,Online,09:07:55
8.8.8.8,Online,09:07:58
8.8.8.8,Online,09:08:01
8.8.8.8,Online,09:08:03
8.8.8.8,Online,09:08:05
8.8.8.8,Online,09:08:08
8.8.8.8,Online,09:08:10
8.8.8.8,Online,09:08:13
8.8.8.8,Online,09:08:15
8.8.8.8,Online,09:08:18
8.8.8.8,Online,09:08:20
8.8.8.8,Online,09:08:23
8.8.8.8,Online,09:08:25
8.8.8.8,Online,09:08:28
8.8.8.8,Online,09:08:30
8.8.8.8,Online,09:08:33
8.8.8.8,Online,09:08:35
8.8.8.8,Online,09:08:38
8.8.8.8,Online,09:08:40
8.8.8.8,Online,09:08:43
8.8.8.8,Online,09:08:45
8.8.8.8,Online,09:08:48
8.8.8.8,Online,09:08:51
8.8.8.8,Online,09:08:54
8.8.8.8,Online,09:08:56
8.8.8.8,Online,09:08:59
8.8.8.8,Online,09:09:01
8.8.8.8,Online,09:09:04
8.8.8.8,Online,09:09:06
8.8.8.8,Online,09:09:09
8.8.8.8,Online,09:09:11
8.8.8.8,Online,09:09:14
8.8.8.8,Online,09:09:16
8.8.8.8,Online,09:09:19
8.8.8.8,Online,09:09:21
8.8.8.8,Online,09:09:24
8.8.8.8,Online,09:09:26
8.8.8.8,Online,09:09:29
8.8.8.8,Online,09:09:31
8.8.8.8,Online,09:09:34
8.8.8.8,Online,09:09:36
8.8.8.8,Online,09:09:39
8.8.8.8,Online,09:09:42
8.8.8.8,Online,09:09:44
8.8.8.8,Online,09:09:47
8.8.8.8,Online,09:09:49
8.8.8.8,Online,09:09:52
8.8.8.8,Online,09:09:55
8.8.8.8,Online,09:09:57
8.8.8.8,Online,09:10:00
8.8.8.8,Online,09:10:02
8.8.8.8,Online,09:10:05
8.8.8.8,Online,09:10:07
8.8.8.8,Online,09:10:10
8.8.8.8,Online,09:10:12
8.8.8.8,Online,09:10:15
8.8.8.8,Online,09:10:17
8.8.8.8,Online,09:10:20
8.8.8.8,Online,09:10:22
8.8.8.8,Online,09:10:25
8.8.8.8,Online,09:10:27
8.8.8.8,Online,09:10:30
8.8.8.8,Online,09:10:32
8.8.8.8,Online,09:10:35
8.8.8.8,Online,09:10:37
8.8.8.8,Online,09:10:40
8.8.8.8,Online,09:10:42
8.8.8.8,Online,09:10:45
8.8.8.8,Online,09:10:47
8.8.8.8,Online,09:10:50
8.8.8.8,Online,09:10:52
8.8.8.8,Online,09:10:55
8.8.8.8,Online,09:10:57
8.8.8.8,Online,09:11:00
8.8.8.8,Online,09:11:02
8.8.8.8,Online,09:11:05
8.8.8.8,Online,09:11:07
8.8.8.8,Online,09:11:10
8.8.8.8,Online,09:11:12
8.8.8.8,Online,09:11:15
8.8.8.8,Online,09:11:17
8.8.8.8,Online,09:11:20
8.8.8.8,Online,09:11:22
8.8.8.8,Online,09:11:25
8.8.8.8,Online,09:11:27
8.8.8.8,Online,09:11:30
8.8.8.8,Online,09:11:32
8.8.8.8,Online,09:11:35
8.8.8.8,Online,09:11:37
8.8.8.8,Online,09:11:40
8.8.8.8,Online,09:11:42
8.8.8.8,Online,09:11:45
8.8.8.8,Online,09:11:47
8.8.8.8,Online,09:11:50
8.8.8.8,Online,09:11:52
8.8.8.8,Online,09:11:55
8.8.8.8,Online,09:11:57
8.8.8.8,Online,09:12:00
8.8.8.8,Online,09:12:02
8.8.8.8,Online,09:12:05
8.8.8.8,Online,09:12:07
8.8.8.8,Online,09:12:10
8.8.8.8,Online,09:12:13
8.8.8.8,Online,09:12:15
8.8.8.8,Online,09:12:18
8.8.8.8,Online,09:12:20
8.8.8.8,Online,09:12:23
8.8.8.8,Online,09:12:25
8.8.8.8,Online,09:12:28
8.8.8.8,Online,09:12:30
8.8.8.8,Online,09:12:33
8.8.8.8,Online,09:12:35
8.8.8.8,Online,09:12:38
8.8.8.8,Online,09:12:41
8.8.8.8,Online,09:12:43
8.8.8.8,Online,09:12:46
8.8.8.8,Online,09:12:48
8.8.8.8,Online,09:12:51
8.8.8.8,Online,09:12:54
8.8.8.8,Online,09:12:56
8.8.8.8,Online,09:12:59
8.8.8.8,Online,09:13:01
8.8.8.8,Online,09:13:04
8.8.8.8,Online,09:13:06
8.8.8.8,Online,09:13:09
8.8.8.8,Online,09:13:11
8.8.8.8,Online,09:13:14
8.8.8.8,Online,09:13:16
8.8.8.8,Online,09:13:19
8.8.8.8,Online,09:13:21
8.8.8.8,Online,09:13:24
8.8.8.8,Online,09:13:27
8.8.8.8,Online,09:13:29
8.8.8.8,Online,09:13:32
8.8.8.8,Online,09:13:35
8.8.8.8,Online,09:13:37
8.8.8.8,Online,09:13:39
8.8.8.8,Online,09:13:42
8.8.8.8,Online,09:13:44
8.8.8.8,Online,09:13:47
8.8.8.8,Online,09:13:50
8.8.8.8,Online,09:13:52
8.8.8.8,Online,09:13:55
8.8.8.8,Online,09:13:57
8.8.8.8,Online,09:13:59
8.8.8.8,Online,09:14:02
8.8.8.8,Online,09:14:05
8.8.8.8,Online,09:14:07
8.8.8.8,Online,09:14:10
8.8.8.8,Online,09:14:12
8.8.8.8,Online,09:14:15
8.8.8.8,Online,09:14:18
8.8.8.8,Online,09:14:20
8.8.8.8,Online,09:14:23
8.8.8.8,Online,09:14:25
8.8.8.8,Online,09:14:28
8.8.8.8,Online,09:14:30
8.8.8.8,Online,09:14:33
8.8.8.8,Online,09:14:35
8.8.8.8,Online,09:14:38
8.8.8.8,Online,09:14:41
8.8.8.8,Online,09:14:43
8.8.8.8,Online,09:14:45
8.8.8.8,Online,09:14:48
8.8.8.8,Online,09:14:51
8.8.8.8,Online,09:14:53
8.8.8.8,Online,09:14:56
8.8.8.8,Online,09:14:58
8.8.8.8,Online,09:15:01
8.8.8.8,Online,09:15:03
8.8.8.8,Online,09:15:06
8.8.8.8,Online,09:15:09
8.8.8.8,Online,09:15:11
8.8.8.8,Online,09:15:14
8.8.8.8,Online,09:15:16
8.8.8.8,Online,09:15:19
8.8.8.8,Online,09:15:21
8.8.8.8,Online,09:15:24
8.8.8.8,Online,09:15:26
8.8.8.8,Online,09:15:29
8.8.8.8,Online,09:15:31
8.8.8.8,Online,09:15:35
8.8.8.8,Online,09:15:37
8.8.8.8,Online,09:15:40
8.8.8.8,Online,09:15:42
8.8.8.8,Online,09:15:45
8.8.8.8,Online,09:15:47
8.8.8.8,Online,09:15:49
8.8.8.8,Online,09:15:52
8.8.8.8,Online,09:15:54
8.8.8.8,Online,09:15:57
8.8.8.8,Online,09:15:59
8.8.8.8,Online,09:16:02
8.8.8.8,Online,09:16:04
8.8.8.8,Online,09:16:07
8.8.8.8,Online,09:16:09
8.8.8.8,Online,09:16:12
8.8.8.8,Online,09:16:14
8.8.8.8,Online,09:16:17
8.8.8.8,Online,09:16:19
8.8.8.8,Online,09:16:22
8.8.8.8,Online,09:16:25
8.8.8.8,Online,09:16:27
8.8.8.8,Online,09:16:30
8.8.8.8,Online,09:16:32
8.8.8.8,Online,09:16:35
8.8.8.8,Online,09:16:37
8.8.8.8,Online,09:16:40
8.8.8.8,Online,09:16:42
8.8.8.8,Online,09:16:45
8.8.8.8,Online,09:16:47
8.8.8.8,Online,09:16:50
8.8.8.8,Online,09:16:52
8.8.8.8,Online,09:16:55
8.8.8.8,Online,09:16:57
8.8.8.8,Online,09:17:00
8.8.8.8,Online,09:17:02
8.8.8.8,Online,09:17:05
8.8.8.8,Online,09:17:07
8.8.8.8,Online,09:17:09
8.8.8.8,Online,09:17:12
8.8.8.8,Online,09:17:15
8.8.8.8,Online,09:17:17
8.8.8.8,Online,09:17:20
8.8.8.8,Online,09:17:22
8.8.8.8,Online,09:17:25
8.8.8.8,Online,09:17:27
8.8.8.8,Online,09:17:30
8.8.8.8,Online,09:17:32
8.8.8.8,Online,09:17:35
8.8.8.8,Online,09:17:37
8.8.8.8,Online,09:17:40
8.8.8.8,Online,09:17:43
8.8.8.8,Online,09:17:45
8.8.8.8,Online,09:17:48
8.8.8.8,Online,09:17:50
8.8.8.8,Online,09:17:53
8.8.8.8,Online,09:17:55
8.8.8.8,Online,09:17:58
8.8.8.8,Online,09:18:00
8.8.8.8,Online,09:18:03
8.8.8.8,Online,09:18:05
8.8.8.8,Online,09:18:08
8.8.8.8,Online,09:18:10
8.8.8.8,Online,09:18:13
8.8.8.8,Online,09:18:16
8.8.8.8,Online,09:18:18
8.8.8.8,Online,09:18:21
8.8.8.8,Online,09:18:23
8.8.8.8,Online,09:18:26
8.8.8.8,Online,09:18:28
8.8.8.8,Online,09:18:31
8.8.8.8,Online,09:18:33
8.8.8.8,Online,09:18:36
8.8.8.8,Online,09:18:39
8.8.8.8,Online,09:18:41
8.8.8.8,Online,09:18:44
8.8.8.8,Online,09:18:46
8.8.8.8,Online,09:18:49
8.8.8.8,Online,09:18:52
8.8.8.8,Online,09:18:54
8.8.8.8,Online,09:18:57
8.8.8.8,Online,09:18:59
8.8.8.8,Online,09:19:02
8.8.8.8,Online,09:19:04
8.8.8.8,Online,09:19:07
8.8.8.8,Online,09:19:09
8.8.8.8,Online,09:19:12
8.8.8.8,Online,09:19:14
8.8.8.8,Online,09:19:17
8.8.8.8,Online,09:19:20
8.8.8.8,Online,09:19:22
8.8.8.8,Online,09:19:25
8.8.8.8,Online,09:19:27
8.8.8.8,Online,09:19:30
8.8.8.8,Online,09:19:32
8.8.8.8,Online,09:19:35
8.8.8.8,Online,09:19:37
8.8.8.8,Online,09:19:39
8.8.8.8,Online,09:19:42
8.8.8.8,Online,09:19:44
8.8.8.8,Online,09:19:47
8.8.8.8,Online,09:19:50
8.8.8.8,Online,09:19:52
8.8.8.8,Online,09:19:55
8.8.8.8,Online,09:19:57
8.8.8.8,Online,09:20:00
8.8.8.8,Online,09:20:02
8.8.8.8,Online,09:20:05
8.8.8.8,Online,09:20:07
8.8.8.8,Online,09:20:10
8.8.8.8,Online,09:20:12
8.8.8.8,Online,09:20:14
8.8.8.8,Online,09:20:17
8.8.8.8,Online,09:20:19
8.8.8.8,Online,09:20:22
8.8.8.8,Online,09:20:24
8.8.8.8,Online,09:20:27
8.8.8.8,Online,09:20:29
8.8.8.8,Online,09:20:32
8.8.8.8,Online,09:20:34
8.8.8.8,Online,09:20:37
8.8.8.8,Online,09:20:39
8.8.8.8,Online,09:20:42
8.8.8.8,Online,09:20:44
8.8.8.8,Online,09:20:47
8.8.8.8,Online,09:20:49
8.8.8.8,Online,09:20:52
8.8.8.8,Online,09:20:54
8.8.8.8,Online,09:20:57
8.8.8.8,Online,09:20:59
8.8.8.8,Online,09:21:02
8.8.8.8,Online,09:21:04
8.8.8.8,Online,09:21:07
8.8.8.8,Online,09:21:10
8.8.8.8,Online,09:21:12
8.8.8.8,Online,09:21:14
8.8.8.8,Online,09:21:17
8.8.8.8,Online,09:21:19
8.8.8.8,Online,09:21:22
8.8.8.8,Online,09:21:24
8.8.8.8,Online,09:21:27
8.8.8.8,Online,09:21:29
8.8.8.8,Online,09:21:32
8.8.8.8,Online,09:21:34
8.8.8.8,Online,09:21:37
8.8.8.8,Online,09:21:39
8.8.8.8,Online,09:21:42
8.8.8.8,Online,09:21:44
8.8.8.8,Online,09:21:47
8.8.8.8,Online,09:21:49
8.8.8.8,Online,09:21:52
8.8.8.8,Online,09:21:54
8.8.8.8,Online,09:21:57
8.8.8.8,Online,09:22:00
8.8.8.8,Online,09:22:02
8.8.8.8,Online,09:22:05
8.8.8.8,Online,09:22:07
8.8.8.8,Online,09:22:10
8.8.8.8,Online,09:22:12
8.8.8.8,Online,09:22:15
8.8.8.8,Online,09:22:17
8.8.8.8,Online,09:22:20
8.8.8.8,Online,09:22:22
8.8.8.8,Online,09:22:25
8.8.8.8,Online,09:22:28
8.8.8.8,Online,09:22:30
8.8.8.8,Online,09:22:33
8.8.8.8,Online,09:22:35
8.8.8.8,Online,09:22:38
8.8.8.8,Online,09:22:40
8.8.8.8,Online,09:22:43
8.8.8.8,Online,09:22:46
8.8.8.8,Online,09:22:48
8.8.8.8,Online,09:22:51
8.8.8.8,Online,09:22:53
8.8.8.8,Online,09:22:56
8.8.8.8,Online,09:22:58
8.8.8.8,Online,09:23:01
8.8.8.8,Online,09:23:04
8.8.8.8,Online,09:23:06
8.8.8.8,Online,09:23:09
8.8.8.8,Online,09:23:11
8.8.8.8,Online,09:23:14
8.8.8.8,Online,09:23:16
8.8.8.8,Online,09:23:19
8.8.8.8,Online,09:23:21
8.8.8.8,Online,09:23:24
8.8.8.8,Online,09:23:26
8.8.8.8,Online,09:23:28
8.8.8.8,Online,09:23:31
8.8.8.8,Online,09:23:33
8.8.8.8,Online,09:23:36
8.8.8.8,Online,09:23:38
8.8.8.8,Online,09:23:41
8.8.8.8,Online,09:23:43
8.8.8.8,Online,09:23:46
8.8.8.8,Online,09:23:48
8.8.8.8,Online,09:23:51
